<config>
    <!-- droptag -->
    <TagsSearch>
        <!--
        Used protocol. Number and order of required input files depend on this parameter.
        Possible values: 10x, indrop, indrop3, iclip, split_seq, drop_seq, cel_seq2, seq_well.
        -->
        <protocol>indrop</protocol>

        <MultipleBarcodeSearch> <!-- Required for SPLiT-seq, Drop-seq, Seq-Well and CEL-Seq2 -->
            <barcode_starts>10 48 86</barcode_starts> <!-- Start position of cell barcode parts, separated by spaces -->
            <barcode_lengths>8 8 8</barcode_lengths> <!-- Barcode part lengths (corresponding to start positions), separated by spaces -->
            <umi_start>0</umi_start> <!-- UMI start position -->
            <umi_length>10</umi_length> <!-- UMI length -->
        </MultipleBarcodeSearch>

        <BarcodesSearch> <!-- Required for InDrop V3, 10x and iCLIP -->
            <barcode1_length> 8 </barcode1_length>  <!-- Length of the first CB part -->
            <barcode2_length> 8 </barcode2_length> <!-- Length of the second CB part -->
            <umi_length> 6 </umi_length> <!-- Length of UMI -->
            <r1_rc_length>  8 </r1_rc_length> <!-- Length of the tail of read1, which is used to trim read2-->
            <max_libtag_ed> 2 </max_libtag_ed> <!-- Optional. Maximal acceptable edit distance of the library tag. Used only with  cli argument 'lib-tag'. Default: 2.-->
        </BarcodesSearch>

        <SpacerSearch> <!-- Required for InDrop V1 -->
            <spacer>GAGTGATTGCTTGTGACGCCTT</spacer>
            <max_spacer_edit_distance> 3 </max_spacer_edit_distance>
            <spacer_search_length> 4 </spacer_search_length> <!-- Length of the part of the spacer, either at the begining ot at the end, which is used to find it -->

            <barcode1_min_length> 8 </barcode1_min_length>  <!-- Minimal length of the first CB part -->
            <barcode1_max_length> 11 </barcode1_max_length>  <!-- Maximal length of the first CB part -->
            <barcode2_length> 8 </barcode2_length> <!-- Length of the second CB part -->
            <umi_length> 6 </umi_length> <!-- Length of UMI -->
            <r1_rc_length>  8 </r1_rc_length> <!-- Length of the tail of read1, which is used to trim read2-->
        </SpacerSearch>

        <Processing> <!-- Optianal. Used for all protocols. -->
            <min_barcode_quality>0</min_barcode_quality> <!-- All reads, which have lower quality for any position in barcodes (either UMI or CB) will be filtered. Default: 0. -->
            <min_align_length>  10 </min_align_length> <!-- Minimal acceptable length of the read after trimming. Default: 10. -->
            <reads_per_out_file> 10000000 </reads_per_out_file> <!-- Number of reads that can be written in one fastq file. Default: infinity. -->
            <poly_a_tail> AAAAAAAA </poly_a_tail> <!-- Sequence, which is searched as poly-a tail. Default: AAAAAAAA. -->
            <leading_trim>0</leading_trim> <!-- Cut bases off the start of a read, if below a threshold quality. Default: 0. -->
            <trailing_trim>0</trailing_trim> <!-- Cut bases off the end of a read, if below a threshold quality. Default: 0. -->
            <min_median_quality>0</min_median_quality> <!-- Required median quality of a gene read. Default: 0. -->
            <trim_quality>0</trim_quality> <!-- Quality threshold for gene read trimming. Default: 0. -->
            <max_g_fraction>1.0</max_g_fraction> <!-- Maximal fraction of G-nucleotide of a gene read. Default: 1.0. -->
        </Processing>
    </TagsSearch>

    <!-- dropest -->
    <Estimation>
        <Merge> <!-- Used only with 'merge' or 'precise-merge' cli option. -->
            <barcodes_file>~/indrop.txt</barcodes_file> <!-- Optional. File with the list of real barcodes. -->
            <barcodes_type>indrop</barcodes_type> <!-- Optional. Used only with 'barcodes_file' provided. Barcoding type. Possible values: 'indrop' (two barcodes, the second has fixed length), 'const' (any fixed number of barcode parts, each part has constant length). Default: indrop. -->
            <min_merge_fraction>0.2</min_merge_fraction>  <!-- Optional. Threshold for the merge procedure. Default: 0.2 -->
            <max_cb_merge_edit_distance>2</max_cb_merge_edit_distance> <!-- Max edit distance between to barcodes. -->
            <max_umi_merge_edit_distance>1</max_umi_merge_edit_distance> <!-- Optional. Max edit distance between to UMIs. Default: 1.-->
            <min_genes_after_merge>100</min_genes_after_merge> <!-- Optional. Can be owervritten from the cli options. Minimal number of genes for cells after the merge procedure. Default: 10.  -->
            <min_genes_before_merge>10</min_genes_before_merge> <!-- Optional. Minimal number of genes for cells before the merge procedure. Used mostly for optimization. Default: 10.-->
            <umi_merge_multiplier>2.0</umi_merge_multiplier> <!-- Optional. UMI1 can be merged to UMI2 if UMI2 has at least umi_merge_multiplier higher number of reads. Set 2.0 for 'directional' correction or 1.0 for 'cluster' correction. -->
        </Merge>

        <PreciseMerge> <!-- Used only with 'precise-merge' cli option -->
            <max_merge_prob>1e-5</max_merge_prob>  <!-- Optional. Threshold for the merge procedure. Default: 1e-5.-->
            <max_real_merge_prob>1e-7</max_real_merge_prob>  <!-- Optional. Threshold for the merge procedure in the case when one real barcode is tested to be merged wit the other. Default: 1e-7.-->
        </PreciseMerge>

        <BamTags> <!-- Optional. Tags, which are used to parse .bam file (-f option) or to print tagged .bam file (-b or -F options). Default values correspond to 10x protocol. -->
            <cb>CB</cb> <!-- Cell barcode. Default: CB. -->
            <cb_raw>CR</cb_raw> <!-- Cell barcode raw. Used only for bam output. Default: CR. -->
            <umi>UB</umi> <!-- UMI. Default: UB. -->
            <umi_raw>UR</umi_raw> <!-- UMI raw. Used only for bam output. Default: UR. -->
            <gene>GX</gene> <!-- Gene id. Default: GX. -->
            <cb_quality>CQ</cb_quality> <!-- Cell barcode quality. Default: CQ. -->
            <umi_quality>UQ</umi_quality> <!-- UMI quality. Default: UQ. -->
            <Type> <!-- Tag, which contain type of read. If not specified, all reads with gene info are considered as exonic -->
                <tag>XF</tag>
                <intronic>INTRONIC</intronic> <!-- Value corresponding to intronic reads. Default value for bam output is INTRONIC. -->
                <intergenic>INTERGENIC</intergenic> <!-- Value corresponding to intergenic reads. All reads, which has gene id and intergenic mark are considered as intergenic. Default value for bam output is INTERGENIC. -->
                <exonic>EXONIC</exonic> <!-- Value corresponding to exonic reads. If not specified, all reads with other tags, which has gene id are considered as exonic. Default value for bam output is EXONIC. -->
            </Type>
        </BamTags>

        <Other>
            <min_barcode_quality>0</min_barcode_quality> <!-- Optional. All reads, which have lower quality for any position in barcodes (either UMI or CB) will be filtered. Default: 0. -->
        </Other>
    </Estimation>
</config>
