<config>
    <!-- droptag -->
    <TagsSearch>
        <protocol>iclip</protocol>
        <BarcodesSearch>
            <barcode_length>2</barcode_length>
            <umi_length>3</umi_length>
        </BarcodesSearch>

        <Processing>
            <min_align_length>10</min_align_length>
            <reads_per_out_file>10000000</reads_per_out_file>
            <min_barcode_quality>5</min_barcode_quality>
        </Processing>
    </TagsSearch>

    <!-- dropest -->
    <Estimation>
        <Merge>
            <min_merge_fraction>0.2</min_merge_fraction>
            <max_cb_merge_edit_distance>1</max_cb_merge_edit_distance>
            <max_umi_merge_edit_distance>1</max_umi_merge_edit_distance>
            <min_genes_after_merge>100</min_genes_after_merge>
            <min_genes_before_merge>20</min_genes_before_merge>
        </Merge>

        <PreciseMerge>
            <max_merge_prob>1e-5</max_merge_prob>
            <max_real_merge_prob>1e-7</max_real_merge_prob>
        </PreciseMerge>
    </Estimation>
</config>
