Experiment,Total Reads,Aligned Reads % (Transcriptome)
On_Chip_Stimulation_LPS_4h_S10_rsem,1528837,31.59
On_Chip_Stimulation_LPS_4h_S11_rsem,1519096,36.06
On_Chip_Stimulation_LPS_4h_S13_rsem,2866167,43.32
On_Chip_Stimulation_LPS_4h_S16_rsem,2096589,33.16
On_Chip_Stimulation_LPS_4h_S17_rsem,1427777,25.52
On_Chip_Stimulation_LPS_4h_S18_rsem,1266369,18.37
On_Chip_Stimulation_LPS_4h_S23_rsem,3610922,42.82
On_Chip_Stimulation_LPS_4h_S24_rsem,3987342,40.17
On_Chip_Stimulation_LPS_4h_S25_rsem,1141461,22.33
On_Chip_Stimulation_LPS_4h_S2_rsem,2685840,38.23
On_Chip_Stimulation_LPS_4h_S30_rsem,1056326,19.46
On_Chip_Stimulation_LPS_4h_S35_rsem,1959652,24.87
On_Chip_Stimulation_LPS_4h_S45_rsem,1442521,21.73
On_Chip_Stimulation_LPS_4h_S49_rsem,2291085,41.23
On_Chip_Stimulation_LPS_4h_S4_rsem,2999428,21.42
On_Chip_Stimulation_LPS_4h_S50_rsem,1328530,23.26
On_Chip_Stimulation_LPS_4h_S51_rsem,2283245,20.16
On_Chip_Stimulation_LPS_4h_S52_rsem,1233309,20.56
On_Chip_Stimulation_LPS_4h_S53_rsem,2902815,15.33
On_Chip_Stimulation_LPS_4h_S54_rsem,1063171,18.51
On_Chip_Stimulation_LPS_4h_S55_rsem,1402298,19.53
On_Chip_Stimulation_LPS_4h_S57_rsem,1528330,30.51
On_Chip_Stimulation_LPS_4h_S58_rsem,1468483,22.43
On_Chip_Stimulation_LPS_4h_S61_rsem,1250301,22.63
On_Chip_Stimulation_LPS_4h_S63_rsem,2529613,23.91
On_Chip_Stimulation_LPS_4h_S65_rsem,1892063,29.04
On_Chip_Stimulation_LPS_4h_S66_rsem,2974980,30.97
On_Chip_Stimulation_LPS_4h_S67_rsem,2945142,34.42
On_Chip_Stimulation_LPS_4h_S68_rsem,1713312,21.92
On_Chip_Stimulation_LPS_4h_S6_rsem,1575858,15.42
On_Chip_Stimulation_LPS_4h_S71_rsem,1439778,18.63
On_Chip_Stimulation_LPS_4h_S73_rsem,3115627,34.61
On_Chip_Stimulation_LPS_4h_S74_rsem,4030813,50.41
On_Chip_Stimulation_LPS_4h_S75_rsem,1291672,16.68
On_Chip_Stimulation_LPS_4h_S78_rsem,1931214,20.34
On_Chip_Stimulation_LPS_4h_S80_rsem,1591927,17.73
On_Chip_Stimulation_LPS_4h_S84_rsem,1673478,31.61
On_Chip_Stimulation_LPS_4h_S86_rsem,1102174,17.19
On_Chip_Stimulation_LPS_4h_S89_rsem,1596541,33.31
On_Chip_Stimulation_LPS_4h_S93_rsem,5480431,36.24
On_Chip_Stimulation_LPS_4h_S9_rsem,1754040,17.5
Ifnar1_KO_LPS_4h_S15_rsem,1676507,50.9
Ifnar1_KO_LPS_4h_S18_rsem,4348074,54.42
Ifnar1_KO_LPS_4h_S1_rsem,3074863,42.53
Ifnar1_KO_LPS_4h_S20_rsem,1987449,60.93
Ifnar1_KO_LPS_4h_S21_rsem,1715306,53.07
Ifnar1_KO_LPS_4h_S22_rsem,1029771,46.8
Ifnar1_KO_LPS_4h_S25_rsem,4210844,48.68
Ifnar1_KO_LPS_4h_S32_rsem,1889319,47.61
Ifnar1_KO_LPS_4h_S33_rsem,1972930,43.96
Ifnar1_KO_LPS_4h_S36_rsem,2284313,39.11
Ifnar1_KO_LPS_4h_S37_rsem,2334953,49.47
Ifnar1_KO_LPS_4h_S38_rsem,2326669,59.54
Ifnar1_KO_LPS_4h_S39_rsem,1749895,52.93
Ifnar1_KO_LPS_4h_S3_rsem,2888800,43.86
Ifnar1_KO_LPS_4h_S42_rsem,1727154,44.2
Ifnar1_KO_LPS_4h_S43_rsem,2708102,52.65
Ifnar1_KO_LPS_4h_S44_rsem,2006198,46.06
Ifnar1_KO_LPS_4h_S45_rsem,1668476,48.69
Ifnar1_KO_LPS_4h_S46_rsem,1664338,51.19
Ifnar1_KO_LPS_4h_S47_rsem,1275116,43.7
Ifnar1_KO_LPS_4h_S49_rsem,1114056,41.71
Ifnar1_KO_LPS_4h_S4_rsem,2973758,54.54
Ifnar1_KO_LPS_4h_S50_rsem,7104920,45.75
Ifnar1_KO_LPS_4h_S51_rsem,2973900,36.69
Ifnar1_KO_LPS_4h_S52_rsem,4012561,44.44
Ifnar1_KO_LPS_4h_S53_rsem,5469671,48.2
Ifnar1_KO_LPS_4h_S55_rsem,4053053,64.29
Ifnar1_KO_LPS_4h_S56_rsem,4922401,46.19
Ifnar1_KO_LPS_4h_S60_rsem,2212016,41.09
Ifnar1_KO_LPS_4h_S61_rsem,2576465,41.6
Ifnar1_KO_LPS_4h_S62_rsem,1981511,44.96
Ifnar1_KO_LPS_4h_S64_rsem,3355195,49.21
Ifnar1_KO_LPS_4h_S65_rsem,4022113,44.32
Ifnar1_KO_LPS_4h_S66_rsem,1805648,50.64
Ifnar1_KO_LPS_4h_S67_rsem,1306646,42.55
Ifnar1_KO_LPS_4h_S68_rsem,3419136,42.82
Ifnar1_KO_LPS_4h_S69_rsem,1288409,38.99
Ifnar1_KO_LPS_4h_S70_rsem,3413606,51.96
Ifnar1_KO_LPS_4h_S71_rsem,1036507,46.43
Ifnar1_KO_LPS_4h_S72_rsem,2466955,44.18
Ifnar1_KO_LPS_4h_S73_rsem,4342473,50.02
Ifnar1_KO_LPS_4h_S74_rsem,1410386,36.49
Ifnar1_KO_LPS_4h_S75_rsem,4562446,48.02
Ifnar1_KO_LPS_4h_S76_rsem,1523518,43.04
Ifnar1_KO_LPS_4h_S78_rsem,1240012,47.65
Ifnar1_KO_LPS_4h_S80_rsem,2879991,51.22
Ifnar1_KO_LPS_4h_S81_rsem,4247942,53.22
Ifnar1_KO_LPS_4h_S82_rsem,1444870,44.51
Ifnar1_KO_LPS_4h_S85_rsem,2048290,46.07
Ifnar1_KO_LPS_4h_S90_rsem,3204708,61.3
Ifnar1_KO_LPS_4h_S93_rsem,1512475,50.26
Ifnar1_KO_LPS_4h_S94_rsem,1350431,47.91
Ifnar1_KO_LPS_4h_S96_rsem,2265274,48.94
Ifnar1_KO_LPS_4h_S9_rsem,3578326,52.05
IFNB_2h_S10_rsem,5358259,51.9
IFNB_2h_S11_rsem,6029469,56.2
IFNB_2h_S12_rsem,4023384,44.77
IFNB_2h_S14_rsem,5044231,65.1
IFNB_2h_S16_rsem,5813568,53.77
IFNB_2h_S18_rsem,3837964,56.07
IFNB_2h_S19_rsem,4823898,56.45
IFNB_2h_S1_rsem,3100519,39.35
IFNB_2h_S20_rsem,5279928,56.41
IFNB_2h_S21_rsem,6560927,56.92
IFNB_2h_S22_rsem,6854043,44.12
IFNB_2h_S24_rsem,7342786,54.64
IFNB_2h_S2_rsem,4821038,50.53
IFNB_2h_S38_rsem,9217639,45.28
IFNB_2h_S39_rsem,13075676,59.86
IFNB_2h_S40_rsem,11499782,59.65
IFNB_2h_S41_rsem,13374949,48.82
IFNB_2h_S43_rsem,7891631,48.2
IFNB_2h_S46_rsem,13900715,49.06
IFNB_2h_S47_rsem,10920609,59.39
IFNB_2h_S49_rsem,3149978,37.34
IFNB_2h_S4_rsem,2387113,44.55
IFNB_2h_S50_rsem,6947382,50.56
IFNB_2h_S51_rsem,5671773,52.74
IFNB_2h_S52_rsem,3934932,47.73
IFNB_2h_S53_rsem,7124340,55.83
IFNB_2h_S54_rsem,8486600,56.22
IFNB_2h_S55_rsem,5171232,51.75
IFNB_2h_S56_rsem,6413881,48.65
IFNB_2h_S57_rsem,4834155,48.84
IFNB_2h_S58_rsem,5582467,58.28
IFNB_2h_S59_rsem,4173252,50.19
IFNB_2h_S5_rsem,6156984,51.18
IFNB_2h_S60_rsem,6880477,51.65
IFNB_2h_S61_rsem,5970098,43.37
IFNB_2h_S62_rsem,6106203,56.81
IFNB_2h_S63_rsem,3681354,51.77
IFNB_2h_S65_rsem,3634315,57.13
IFNB_2h_S66_rsem,6537503,56.85
IFNB_2h_S67_rsem,3334513,58.14
IFNB_2h_S68_rsem,5149851,53.57
IFNB_2h_S69_rsem,4478034,57.04
IFNB_2h_S70_rsem,4500260,66.78
IFNB_2h_S71_rsem,7236221,59.82
IFNB_2h_S72_rsem,7400291,58.18
IFNB_2h_S74_rsem,5217348,53.09
IFNB_2h_S75_rsem,4337259,60.63
IFNB_2h_S76_rsem,1009785,49.32
IFNB_2h_S78_rsem,6624113,60.31
IFNB_2h_S7_rsem,3368235,51.6
IFNB_2h_S80_rsem,4299417,48.31
IFNB_2h_S83_rsem,6622493,55.48
IFNB_2h_S84_rsem,6307049,65.7
IFNB_2h_S85_rsem,5504926,60.57
IFNB_2h_S86_rsem,6602926,57.56
IFNB_2h_S87_rsem,6161626,60.71
IFNB_2h_S88_rsem,4460548,65.58
IFNB_2h_S89_rsem,7914882,60.17
IFNB_2h_S8_rsem,6585486,64.62
IFNB_2h_S90_rsem,1366517,30.95
IFNB_2h_S92_rsem,6625964,55.13
IFNB_2h_S93_rsem,7670829,49.08
IFNB_2h_S94_rsem,6034309,64.94
IFNB_2h_S95_rsem,1477647,21.67
IFNB_2h_S96_rsem,5173285,59.06
IFNB_2h_S9_rsem,3507983,58.67
Unstimulated_Replicate_S12_rsem,2613330,68.54
Unstimulated_Replicate_S13_rsem,2594312,58.12
Unstimulated_Replicate_S14_rsem,2082910,58.12
Unstimulated_Replicate_S16_rsem,1741669,68.29
Unstimulated_Replicate_S17_rsem,2384629,54.34
Unstimulated_Replicate_S18_rsem,2297687,65.9
Unstimulated_Replicate_S19_rsem,2309276,58.52
Unstimulated_Replicate_S20_rsem,2200422,59.59
Unstimulated_Replicate_S21_rsem,2190806,58.49
Unstimulated_Replicate_S22_rsem,2189577,72.68
Unstimulated_Replicate_S23_rsem,2259029,59.08
Unstimulated_Replicate_S24_rsem,1847593,56.88
Unstimulated_Replicate_S25_rsem,1542108,45.15
Unstimulated_Replicate_S26_rsem,1961951,63.51
Unstimulated_Replicate_S30_rsem,2321778,56.05
Unstimulated_Replicate_S31_rsem,3049187,65.89
Unstimulated_Replicate_S33_rsem,2048039,66.78
Unstimulated_Replicate_S34_rsem,1241150,52.75
Unstimulated_Replicate_S36_rsem,1488692,58.94
Unstimulated_Replicate_S37_rsem,2225835,42.84
Unstimulated_Replicate_S38_rsem,2282667,61.61
Unstimulated_Replicate_S39_rsem,3558227,68.54
Unstimulated_Replicate_S3_rsem,1386962,67.27
Unstimulated_Replicate_S40_rsem,2288807,68.94
Unstimulated_Replicate_S41_rsem,3240053,71.46
Unstimulated_Replicate_S42_rsem,1599829,52.58
Unstimulated_Replicate_S43_rsem,2235729,77.03
Unstimulated_Replicate_S46_rsem,2031103,57.62
Unstimulated_Replicate_S47_rsem,1530055,61.71
Unstimulated_Replicate_S4_rsem,1512628,67.11
Unstimulated_Replicate_S52_rsem,2766468,59.71
Unstimulated_Replicate_S53_rsem,2398577,56.09
Unstimulated_Replicate_S54_rsem,2293981,60.95
Unstimulated_Replicate_S59_rsem,2559412,56.92
Unstimulated_Replicate_S5_rsem,1830654,52.86
Unstimulated_Replicate_S61_rsem,2226388,54.16
Unstimulated_Replicate_S62_rsem,2422213,61.25
Unstimulated_Replicate_S64_rsem,3259165,67.86
Unstimulated_Replicate_S65_rsem,4177975,57.1
Unstimulated_Replicate_S66_rsem,2141807,66.89
Unstimulated_Replicate_S67_rsem,1729798,59.09
Unstimulated_Replicate_S68_rsem,1539888,43.23
Unstimulated_Replicate_S6_rsem,1701236,65.54
Unstimulated_Replicate_S71_rsem,2029992,65.73
Unstimulated_Replicate_S72_rsem,2066755,56.14
Unstimulated_Replicate_S73_rsem,2810561,65.85
Unstimulated_Replicate_S74_rsem,2202618,60.74
Unstimulated_Replicate_S75_rsem,3175139,71.89
Unstimulated_Replicate_S76_rsem,1337475,60.3
Unstimulated_Replicate_S78_rsem,2692439,62.67
Unstimulated_Replicate_S80_rsem,2197486,49.99
Unstimulated_Replicate_S84_rsem,2260796,63.1
Unstimulated_Replicate_S87_rsem,2345185,73.36
Unstimulated_Replicate_S88_rsem,3604331,58.2
Unstimulated_Replicate_S89_rsem,2923148,53.12
Unstimulated_Replicate_S90_rsem,2019703,75.43
Unstimulated_Replicate_S92_rsem,1634280,51.72
LPS_1h_S10_rsem,3462546,46.6
LPS_1h_S11_rsem,6050843,48.25
LPS_1h_S12_rsem,6004656,50.69
LPS_1h_S13_rsem,9165165,47.15
LPS_1h_S14_rsem,6112002,53.12
LPS_1h_S15_rsem,11888184,46.35
LPS_1h_S16_rsem,7979607,57.45
LPS_1h_S17_rsem,7793156,53.11
LPS_1h_S18_rsem,4709651,49.08
LPS_1h_S19_rsem,3277006,50.07
LPS_1h_S1_rsem,6497512,55.96
LPS_1h_S20_rsem,9153135,49.11
LPS_1h_S21_rsem,10917061,53.81
LPS_1h_S22_rsem,6929919,43.06
LPS_1h_S23_rsem,8395088,68.97
LPS_1h_S24_rsem,7417874,61.04
LPS_1h_S25_rsem,7107798,51.6
LPS_1h_S26_rsem,5034405,50.12
LPS_1h_S27_rsem,6448630,42.95
LPS_1h_S28_rsem,6947831,45.99
LPS_1h_S29_rsem,4081180,43.28
LPS_1h_S2_rsem,4288679,38.43
LPS_1h_S30_rsem,4479813,50.4
LPS_1h_S31_rsem,4959299,43.68
LPS_1h_S32_rsem,8213444,61.38
LPS_1h_S33_rsem,9396950,51.88
LPS_1h_S34_rsem,5356934,48.2
LPS_1h_S35_rsem,5544272,42.32
LPS_1h_S36_rsem,6551256,52.33
LPS_1h_S37_rsem,2932572,42.28
LPS_1h_S38_rsem,2214211,53.53
LPS_1h_S39_rsem,4060161,47.42
LPS_1h_S3_rsem,6859953,41.63
LPS_1h_S40_rsem,5270306,53.1
LPS_1h_S41_rsem,4626209,41.65
LPS_1h_S42_rsem,1198093,47.71
LPS_1h_S43_rsem,1248369,47.5
LPS_1h_S44_rsem,7880569,56.16
LPS_1h_S45_rsem,5215586,59.15
LPS_1h_S46_rsem,1025669,42.77
LPS_1h_S47_rsem,2452298,29.23
LPS_1h_S48_rsem,7211930,44.79
LPS_1h_S49_rsem,7538943,55.28
LPS_1h_S4_rsem,2317513,49.15
LPS_1h_S50_rsem,8683408,53.19
LPS_1h_S51_rsem,11042622,50.37
LPS_1h_S52_rsem,11867168,57.64
LPS_1h_S53_rsem,9905654,51.32
LPS_1h_S55_rsem,2212601,35.02
LPS_1h_S56_rsem,7417594,59.77
LPS_1h_S58_rsem,4691500,62.55
LPS_1h_S59_rsem,9033339,55.1
LPS_1h_S5_rsem,6260720,54.26
LPS_1h_S60_rsem,9042450,52.91
LPS_1h_S61_rsem,7103800,51.57
LPS_1h_S62_rsem,5734979,54.07
LPS_1h_S63_rsem,10149770,57.59
LPS_1h_S64_rsem,9503187,56.23
LPS_1h_S66_rsem,2752968,52.79
LPS_1h_S67_rsem,4667834,55.13
LPS_1h_S6_rsem,2927644,49.86
LPS_1h_S70_rsem,4398110,53.03
LPS_1h_S71_rsem,9351174,52.62
LPS_1h_S72_rsem,8895164,48.53
LPS_1h_S73_rsem,5185979,50.51
LPS_1h_S74_rsem,5643687,49.04
LPS_1h_S75_rsem,9284378,55.33
LPS_1h_S77_rsem,7805100,52.07
LPS_1h_S78_rsem,4350082,49.6
LPS_1h_S7_rsem,4130141,51.46
LPS_1h_S80_rsem,8583301,49.5
LPS_1h_S82_rsem,5991286,56.48
LPS_1h_S83_rsem,4075832,52.19
LPS_1h_S85_rsem,6716959,53.3
LPS_1h_S86_rsem,5462344,52.47
LPS_1h_S87_rsem,4448098,51.58
LPS_1h_S88_rsem,14576829,53.02
LPS_1h_S89_rsem,8798384,44.42
LPS_1h_S8_rsem,11251476,56.69
LPS_1h_S90_rsem,1209393,26.06
LPS_1h_S91_rsem,3121337,52.11
LPS_1h_S93_rsem,10088140,54.05
LPS_1h_S94_rsem,4497226,49.64
LPS_1h_S96_rsem,6647263,47.22
LPS_1h_S9_rsem,4455401,43.84
LPS_2h_S11_rsem,7620682,64.98
LPS_2h_S12_rsem,9900973,44.18
LPS_2h_S13_rsem,9895218,60.31
LPS_2h_S14_rsem,5211126,54.58
LPS_2h_S15_rsem,8051680,52.77
LPS_2h_S16_rsem,4037211,39.73
LPS_2h_S17_rsem,6276565,43.12
LPS_2h_S18_rsem,3281339,45.71
LPS_2h_S19_rsem,2501048,45.65
LPS_2h_S1_rsem,10969685,41.76
LPS_2h_S21_rsem,9835856,55.25
LPS_2h_S22_rsem,4521464,57.71
LPS_2h_S23_rsem,10580383,61.84
LPS_2h_S25_rsem,9008442,56.4
LPS_2h_S26_rsem,4913919,52.56
LPS_2h_S27_rsem,7288548,58.62
LPS_2h_S28_rsem,8704152,51.84
LPS_2h_S29_rsem,4887980,54.3
LPS_2h_S2_rsem,5929409,69.38
LPS_2h_S32_rsem,5244473,47.41
LPS_2h_S33_rsem,7880817,51.61
LPS_2h_S34_rsem,3925282,45.38
LPS_2h_S35_rsem,9081848,51.19
LPS_2h_S37_rsem,2396687,50.46
LPS_2h_S38_rsem,1348936,51.39
LPS_2h_S39_rsem,3534396,53.95
LPS_2h_S40_rsem,3973551,48.87
LPS_2h_S41_rsem,3179472,46.28
LPS_2h_S44_rsem,3484498,59.74
LPS_2h_S45_rsem,3762449,64.87
LPS_2h_S49_rsem,10759481,58.11
LPS_2h_S4_rsem,8565741,63.77
LPS_2h_S52_rsem,4590554,43.65
LPS_2h_S53_rsem,4738813,53.64
LPS_2h_S54_rsem,2087703,39.74
LPS_2h_S56_rsem,4100878,42.19
LPS_2h_S57_rsem,8020873,52.86
LPS_2h_S58_rsem,2735580,53.27
LPS_2h_S59_rsem,3325328,27.11
LPS_2h_S5_rsem,5939082,64.11
LPS_2h_S60_rsem,8694771,60.31
LPS_2h_S62_rsem,5557355,61.65
LPS_2h_S63_rsem,6918730,58.72
LPS_2h_S64_rsem,5218388,52.89
LPS_2h_S65_rsem,8237217,55.67
LPS_2h_S66_rsem,3036542,57.08
LPS_2h_S69_rsem,8419023,56.2
LPS_2h_S6_rsem,2321044,41.08
LPS_2h_S71_rsem,7957686,51.02
LPS_2h_S72_rsem,5903110,58.07
LPS_2h_S73_rsem,7908239,50.65
LPS_2h_S75_rsem,9342952,54.78
LPS_2h_S76_rsem,5571498,58.4
LPS_2h_S77_rsem,4058216,60.58
LPS_2h_S78_rsem,3989515,58.3
LPS_2h_S7_rsem,2077823,46.06
LPS_2h_S80_rsem,5097058,59.65
LPS_2h_S81_rsem,4245042,56.01
LPS_2h_S82_rsem,2053206,43.84
LPS_2h_S83_rsem,6215809,59.65
LPS_2h_S84_rsem,8495430,69.48
LPS_2h_S85_rsem,7297359,54.53
LPS_2h_S86_rsem,4930511,40.47
LPS_2h_S87_rsem,11963752,60.18
LPS_2h_S88_rsem,5708124,42.1
LPS_2h_S89_rsem,16696942,58.01
LPS_2h_S8_rsem,10345381,57.63
LPS_2h_S91_rsem,2294254,54.87
LPS_2h_S92_rsem,7185469,51.59
LPS_2h_S93_rsem,8665426,61.16
LPS_2h_S94_rsem,4476374,52.99
LPS_2h_S95_rsem,11428369,63.62
LPS_2h_S9_rsem,7883560,68.46
LPS_4h_S10_rsem,1260411,36
LPS_4h_S14_rsem,3774332,55.99
LPS_4h_S16_rsem,5869937,57.34
LPS_4h_S17_rsem,5923877,46.41
LPS_4h_S18_rsem,1928010,54.99
LPS_4h_S19_rsem,3586077,36.07
LPS_4h_S1_rsem,7592857,51.12
LPS_4h_S20_rsem,9329364,56.26
LPS_4h_S21_rsem,8301255,71.78
LPS_4h_S23_rsem,6976848,46.89
LPS_4h_S24_rsem,9140395,44.54
LPS_4h_S25_rsem,7854821,52.82
LPS_4h_S26_rsem,6402782,54.18
LPS_4h_S27_rsem,6065777,54.7
LPS_4h_S28_rsem,8359993,56.77
LPS_4h_S29_rsem,5596977,54.19
LPS_4h_S2_rsem,3951902,57.35
LPS_4h_S30_rsem,3383017,47.12
LPS_4h_S32_rsem,6027791,53.39
LPS_4h_S33_rsem,2565039,41.18
LPS_4h_S34_rsem,1866081,53.45
LPS_4h_S35_rsem,4848002,61.54
LPS_4h_S36_rsem,7075734,53.24
LPS_4h_S37_rsem,2552593,48.5
LPS_4h_S38_rsem,1448309,54.33
LPS_4h_S3_rsem,6337204,57.21
LPS_4h_S40_rsem,2026222,47.67
LPS_4h_S41_rsem,2445683,33.81
LPS_4h_S45_rsem,3604764,56.42
LPS_4h_S48_rsem,1552558,45.72
LPS_4h_S49_rsem,5659105,57.99
LPS_4h_S4_rsem,3167721,44.44
LPS_4h_S50_rsem,2108827,47.28
LPS_4h_S51_rsem,4249690,51.83
LPS_4h_S52_rsem,5640203,47.1
LPS_4h_S53_rsem,7859134,50.19
LPS_4h_S54_rsem,3017430,55.2
LPS_4h_S55_rsem,1557996,55.48
LPS_4h_S56_rsem,6098372,53.34
LPS_4h_S57_rsem,3763756,57.63
LPS_4h_S58_rsem,2323440,53.37
LPS_4h_S59_rsem,5882636,57.81
LPS_4h_S5_rsem,9839685,55.79
LPS_4h_S60_rsem,7432981,56.99
LPS_4h_S62_rsem,5248154,59.47
LPS_4h_S63_rsem,4215905,43.16
LPS_4h_S64_rsem,10012416,54.02
LPS_4h_S65_rsem,7216077,53.34
LPS_4h_S66_rsem,3866926,53.02
LPS_4h_S68_rsem,9823457,47.88
LPS_4h_S69_rsem,5938540,45.57
LPS_4h_S6_rsem,1712434,47.51
LPS_4h_S70_rsem,1969974,44.79
LPS_4h_S71_rsem,7866988,53.04
LPS_4h_S72_rsem,8318302,33.41
LPS_4h_S73_rsem,5201420,48.5
LPS_4h_S74_rsem,3942515,46.25
LPS_4h_S75_rsem,8375114,35.95
LPS_4h_S76_rsem,5076307,57.59
LPS_4h_S78_rsem,4684339,53.28
LPS_4h_S7_rsem,1002274,37.92
LPS_4h_S80_rsem,4483785,51.22
LPS_4h_S81_rsem,2851709,35.36
LPS_4h_S82_rsem,2816071,50.78
LPS_4h_S83_rsem,4870804,47.93
LPS_4h_S85_rsem,8166920,53.22
LPS_4h_S86_rsem,5235500,58.06
LPS_4h_S87_rsem,8749625,53.38
LPS_4h_S89_rsem,10503903,47.89
LPS_4h_S92_rsem,11573901,55.21
LPS_4h_S94_rsem,2086143,58.19
LPS_4h_S95_rsem,5186625,49.42
LPS_4h_S96_rsem,12757749,52.79
LPS_4h_S9_rsem,4664194,66.74
LPS_6h_S10_rsem,2049344,41.81
LPS_6h_S11_rsem,4908177,60.1
LPS_6h_S12_rsem,5816063,52.24
LPS_6h_S14_rsem,4168619,51
LPS_6h_S15_rsem,7822176,49.95
LPS_6h_S16_rsem,7105205,40.65
LPS_6h_S17_rsem,13812509,48.34
LPS_6h_S18_rsem,4741865,40.29
LPS_6h_S1_rsem,8484513,52.23
LPS_6h_S20_rsem,7386380,55.83
LPS_6h_S21_rsem,6148474,61.74
LPS_6h_S23_rsem,8725067,55.33
LPS_6h_S24_rsem,8610358,69.38
LPS_6h_S25_rsem,6788916,53.86
LPS_6h_S26_rsem,4833343,33.37
LPS_6h_S27_rsem,6061162,43.16
LPS_6h_S28_rsem,4317943,50.96
LPS_6h_S29_rsem,9540815,55.17
LPS_6h_S2_rsem,4248245,49.3
LPS_6h_S30_rsem,2554928,45.45
LPS_6h_S34_rsem,2529170,43.32
LPS_6h_S37_rsem,4883726,44.95
LPS_6h_S38_rsem,1248836,51.53
LPS_6h_S39_rsem,4331526,55.85
LPS_6h_S3_rsem,4134661,42.45
LPS_6h_S40_rsem,3134014,54.25
LPS_6h_S41_rsem,2955694,57.55
LPS_6h_S42_rsem,1194366,40.06
LPS_6h_S44_rsem,2039834,40.08
LPS_6h_S45_rsem,2175520,59.5
LPS_6h_S48_rsem,2756855,49
LPS_6h_S49_rsem,8338186,52.31
LPS_6h_S4_rsem,6420048,71.98
LPS_6h_S50_rsem,2080990,39.43
LPS_6h_S51_rsem,6793852,57.5
LPS_6h_S53_rsem,8654353,56.26
LPS_6h_S55_rsem,1269349,52.71
LPS_6h_S57_rsem,4994085,58.15
LPS_6h_S58_rsem,2698311,46.38
LPS_6h_S59_rsem,4570718,63.04
LPS_6h_S61_rsem,8354264,72.18
LPS_6h_S62_rsem,2686816,53.6
LPS_6h_S63_rsem,9024238,55.77
LPS_6h_S64_rsem,9040661,51.49
LPS_6h_S66_rsem,3307681,45.18
LPS_6h_S68_rsem,6062486,55.27
LPS_6h_S6_rsem,2166049,43.38
LPS_6h_S70_rsem,1998659,57.05
LPS_6h_S71_rsem,4533820,60.39
LPS_6h_S73_rsem,4428436,59.57
LPS_6h_S74_rsem,5644315,55.18
LPS_6h_S75_rsem,10129336,49.92
LPS_6h_S76_rsem,6908582,55.17
LPS_6h_S77_rsem,12643715,49.21
LPS_6h_S80_rsem,3847063,53.38
LPS_6h_S81_rsem,5168856,58.52
LPS_6h_S84_rsem,6197182,59.38
LPS_6h_S85_rsem,10787228,57.2
LPS_6h_S86_rsem,5665660,40.23
LPS_6h_S87_rsem,7040888,27.95
LPS_6h_S88_rsem,5271163,50.85
LPS_6h_S89_rsem,10764615,52.35
LPS_6h_S8_rsem,7660861,59.79
LPS_6h_S90_rsem,2611714,55.67
LPS_6h_S94_rsem,2938427,52.49
LPS_6h_S95_rsem,7992096,54.02
LPS_6h_S96_rsem,10105874,57.21
LPS_6h_S9_rsem,3918785,53.7
Unstimulated_S10_rsem,8385005,38.88
Unstimulated_S11_rsem,7792171,41.53
Unstimulated_S12_rsem,13676559,51.86
Unstimulated_S13_rsem,8314156,49.59
Unstimulated_S14_rsem,7349925,54.93
Unstimulated_S15_rsem,8930811,56.67
Unstimulated_S16_rsem,8438017,55.94
Unstimulated_S17_rsem,8517120,54.22
Unstimulated_S19_rsem,13596158,48.27
Unstimulated_S1_rsem,8225362,54.83
Unstimulated_S20_rsem,1044820,55.4
Unstimulated_S21_rsem,7850866,51.28
Unstimulated_S22_rsem,8538230,45.74
Unstimulated_S23_rsem,5975840,40.46
Unstimulated_S24_rsem,11633075,58.51
Unstimulated_S25_rsem,10484849,57.98
Unstimulated_S26_rsem,9029330,51.77
Unstimulated_S27_rsem,8815276,55.21
Unstimulated_S28_rsem,11774581,59.86
Unstimulated_S29_rsem,8730141,54.17
Unstimulated_S2_rsem,9720234,53.99
Unstimulated_S30_rsem,9376596,50.63
Unstimulated_S31_rsem,10155455,45.98
Unstimulated_S32_rsem,9149578,48.17
Unstimulated_S33_rsem,12995821,58.66
Unstimulated_S34_rsem,8149340,43.84
Unstimulated_S35_rsem,11824011,51.68
Unstimulated_S36_rsem,14267373,59.53
Unstimulated_S38_rsem,6376144,59.9
Unstimulated_S39_rsem,7259321,57.69
Unstimulated_S3_rsem,11518031,48.43
Unstimulated_S41_rsem,5079683,35.12
Unstimulated_S42_rsem,8081522,47.47
Unstimulated_S43_rsem,9639236,51.48
Unstimulated_S44_rsem,10416827,48.73
Unstimulated_S45_rsem,8199034,53.52
Unstimulated_S46_rsem,7662878,52.1
Unstimulated_S47_rsem,5423800,33.02
Unstimulated_S48_rsem,9337236,57.84
Unstimulated_S49_rsem,8256257,52.03
Unstimulated_S4_rsem,4056968,35.98
Unstimulated_S50_rsem,9383900,59.21
Unstimulated_S51_rsem,4613328,20.94
Unstimulated_S52_rsem,9512704,58.43
Unstimulated_S53_rsem,10235345,50.72
Unstimulated_S54_rsem,10507856,48.95
Unstimulated_S56_rsem,9483218,58.21
Unstimulated_S57_rsem,10752966,52.32
Unstimulated_S58_rsem,9434867,52.56
Unstimulated_S59_rsem,9216335,51.32
Unstimulated_S5_rsem,7967630,51.33
Unstimulated_S60_rsem,10879271,57.69
Unstimulated_S61_rsem,7621039,58.79
Unstimulated_S62_rsem,9053907,55.23
Unstimulated_S63_rsem,8193276,49.72
Unstimulated_S64_rsem,12165879,54.89
Unstimulated_S65_rsem,11298276,51.56
Unstimulated_S66_rsem,8937587,52.09
Unstimulated_S68_rsem,10695983,48.07
Unstimulated_S69_rsem,11394016,52.44
Unstimulated_S6_rsem,6732191,44.63
Unstimulated_S70_rsem,8696132,48.3
Unstimulated_S71_rsem,8314698,51.88
Unstimulated_S72_rsem,10410498,41.6
Unstimulated_S73_rsem,10058278,43.61
Unstimulated_S74_rsem,7907967,47.26
Unstimulated_S75_rsem,10363443,47.97
Unstimulated_S76_rsem,6081710,40.82
Unstimulated_S77_rsem,8659013,48.72
Unstimulated_S78_rsem,8755559,54.35
Unstimulated_S79_rsem,8325169,43.53
Unstimulated_S80_rsem,8745913,44.71
Unstimulated_S82_rsem,7129797,58.54
Unstimulated_S83_rsem,4940158,38.3
Unstimulated_S84_rsem,558132,35.98
Unstimulated_S86_rsem,8210297,57.48
Unstimulated_S87_rsem,10403408,51.72
Unstimulated_S88_rsem,9185037,54.64
Unstimulated_S89_rsem,9778430,47.05
Unstimulated_S8_rsem,10430027,30.04
Unstimulated_S90_rsem,6278109,52.22
Unstimulated_S91_rsem,12475610,59.05
Unstimulated_S92_rsem,7433489,55.18
Unstimulated_S93_rsem,10907868,54.54
Unstimulated_S94_rsem,7482907,52.82
Unstimulated_S96_rsem,11402626,54.33
Unstimulated_S9_rsem,12448046,56.26
LPS_4h_Replicate_S11_rsem,9909753,54.73
LPS_4h_Replicate_S12_rsem,9976593,66.17
LPS_4h_Replicate_S13_rsem,11742047,48.28
LPS_4h_Replicate_S15_rsem,7914694,54.32
LPS_4h_Replicate_S16_rsem,5406332,50.64
LPS_4h_Replicate_S17_rsem,13336756,52.13
LPS_4h_Replicate_S19_rsem,11030984,60.72
LPS_4h_Replicate_S1_rsem,10258499,53.37
LPS_4h_Replicate_S20_rsem,8933679,54.43
LPS_4h_Replicate_S21_rsem,12708481,68.1
LPS_4h_Replicate_S23_rsem,13043333,67.72
LPS_4h_Replicate_S24_rsem,13578080,49.12
LPS_4h_Replicate_S25_rsem,16077667,59.09
LPS_4h_Replicate_S26_rsem,7524591,54.17
LPS_4h_Replicate_S28_rsem,10674812,49.32
LPS_4h_Replicate_S30_rsem,11544240,51.99
LPS_4h_Replicate_S32_rsem,12377323,44.16
LPS_4h_Replicate_S33_rsem,13291085,57.8
LPS_4h_Replicate_S34_rsem,12567653,61.48
LPS_4h_Replicate_S35_rsem,13117285,56.68
LPS_4h_Replicate_S36_rsem,12871764,47.08
LPS_4h_Replicate_S37_rsem,10400629,52.61
LPS_4h_Replicate_S38_rsem,4406239,55.66
LPS_4h_Replicate_S39_rsem,7466540,52.22
LPS_4h_Replicate_S3_rsem,7721212,51.53
LPS_4h_Replicate_S41_rsem,12139964,52.05
LPS_4h_Replicate_S43_rsem,8698125,56.09
LPS_4h_Replicate_S44_rsem,9048607,49.24
LPS_4h_Replicate_S45_rsem,11638296,51.81
LPS_4h_Replicate_S46_rsem,12395247,48.28
LPS_4h_Replicate_S47_rsem,11913154,48.35
LPS_4h_Replicate_S48_rsem,9771474,55.14
LPS_4h_Replicate_S49_rsem,9019354,43.29
LPS_4h_Replicate_S4_rsem,5947989,70.7
LPS_4h_Replicate_S51_rsem,12107640,57.38
LPS_4h_Replicate_S52_rsem,6793106,66.23
LPS_4h_Replicate_S53_rsem,13218631,69.03
LPS_4h_Replicate_S54_rsem,7127933,60.65
LPS_4h_Replicate_S56_rsem,8416386,61.86
LPS_4h_Replicate_S5_rsem,11319730,42.29
LPS_4h_Replicate_S60_rsem,14025725,56.67
LPS_4h_Replicate_S61_rsem,11791791,57.32
LPS_4h_Replicate_S62_rsem,13052630,58.64
LPS_4h_Replicate_S63_rsem,4726461,25.28
LPS_4h_Replicate_S64_rsem,7611987,60.12
LPS_4h_Replicate_S65_rsem,18042325,53.39
LPS_4h_Replicate_S66_rsem,9345433,59.9
LPS_4h_Replicate_S69_rsem,15662084,52.36
LPS_4h_Replicate_S6_rsem,6309949,50.44
LPS_4h_Replicate_S70_rsem,10360226,55.36
LPS_4h_Replicate_S71_rsem,14694791,46.83
LPS_4h_Replicate_S72_rsem,12704635,45.53
LPS_4h_Replicate_S73_rsem,11046745,54.42
LPS_4h_Replicate_S74_rsem,11713720,50.5
LPS_4h_Replicate_S75_rsem,10020512,54.39
LPS_4h_Replicate_S76_rsem,2580635,55.25
LPS_4h_Replicate_S77_rsem,15805540,60.61
LPS_4h_Replicate_S78_rsem,10028075,64.48
LPS_4h_Replicate_S80_rsem,7556107,50.79
LPS_4h_Replicate_S81_rsem,12969104,57.37
LPS_4h_Replicate_S82_rsem,8280806,52.91
LPS_4h_Replicate_S84_rsem,12152644,58.79
LPS_4h_Replicate_S85_rsem,8438298,54.57
LPS_4h_Replicate_S86_rsem,8000151,57.46
LPS_4h_Replicate_S87_rsem,9821483,50.48
LPS_4h_Replicate_S89_rsem,13922481,53.78
LPS_4h_Replicate_S8_rsem,10154568,40.78
LPS_4h_Replicate_S90_rsem,6279686,59.42
LPS_4h_Replicate_S91_rsem,7685967,49.03
LPS_4h_Replicate_S92_rsem,9630865,45.54
LPS_4h_Replicate_S93_rsem,12375851,42.16
LPS_4h_Replicate_S94_rsem,8543154,54.62
LPS_4h_Replicate_S96_rsem,11678254,46.76
LPS_4h_Replicate_S9_rsem,11019223,57.21
PAM_1h_S10_rsem,3650251,37.22
PAM_1h_S12_rsem,1968287,21.98
PAM_1h_S14_rsem,5978175,53.2
PAM_1h_S15_rsem,8954030,48.85
PAM_1h_S17_rsem,6792395,44.93
PAM_1h_S18_rsem,8140555,41.91
PAM_1h_S19_rsem,5820577,48.12
PAM_1h_S1_rsem,7507750,47.4
PAM_1h_S20_rsem,3228511,42.68
PAM_1h_S21_rsem,7975600,46.17
PAM_1h_S22_rsem,2642214,30.26
PAM_1h_S23_rsem,9088368,50.98
PAM_1h_S25_rsem,8079183,53.92
PAM_1h_S26_rsem,8721334,53.67
PAM_1h_S27_rsem,8107430,44.73
PAM_1h_S28_rsem,9411690,58.59
PAM_1h_S2_rsem,6005197,51.92
PAM_1h_S30_rsem,8401795,49.23
PAM_1h_S31_rsem,10536297,49.93
PAM_1h_S33_rsem,5302376,41.87
PAM_1h_S34_rsem,4087467,25.25
PAM_1h_S36_rsem,5739342,37.3
PAM_1h_S37_rsem,7053219,45.31
PAM_1h_S38_rsem,8539827,43.98
PAM_1h_S39_rsem,1692554,31.41
PAM_1h_S3_rsem,6237420,49.91
PAM_1h_S40_rsem,6617855,46.41
PAM_1h_S41_rsem,10543185,46.34
PAM_1h_S43_rsem,2236395,47.41
PAM_1h_S44_rsem,4048770,48.78
PAM_1h_S45_rsem,10589899,48.85
PAM_1h_S46_rsem,8598873,46.12
PAM_1h_S47_rsem,6989147,31.82
PAM_1h_S49_rsem,10207923,46.6
PAM_1h_S4_rsem,3796219,47.28
PAM_1h_S50_rsem,2382716,50.09
PAM_1h_S51_rsem,1376365,31.24
PAM_1h_S54_rsem,7730146,49.59
PAM_1h_S55_rsem,2025063,35.03
PAM_1h_S56_rsem,5522529,46.3
PAM_1h_S57_rsem,1830438,33.39
PAM_1h_S58_rsem,7757120,39.88
PAM_1h_S59_rsem,7907397,42.35
PAM_1h_S5_rsem,6922746,46.74
PAM_1h_S60_rsem,2752532,36.4
PAM_1h_S61_rsem,4207230,47.66
PAM_1h_S62_rsem,4243742,50.44
PAM_1h_S63_rsem,2006651,37.73
PAM_1h_S64_rsem,1622944,36.66
PAM_1h_S68_rsem,1991096,34.26
PAM_1h_S6_rsem,4520203,41.51
PAM_1h_S70_rsem,2967609,42.5
PAM_1h_S71_rsem,11052422,50.48
PAM_1h_S72_rsem,9650648,47.42
PAM_1h_S77_rsem,2073109,42.58
PAM_1h_S7_rsem,7412896,53.22
PAM_1h_S80_rsem,8642874,57.17
PAM_1h_S82_rsem,1347479,37.77
PAM_1h_S84_rsem,1200934,18.65
PAM_1h_S89_rsem,1681492,39.52
PAM_1h_S8_rsem,6693988,54.38
PAM_1h_S96_rsem,8291811,56.03
PAM_1h_S9_rsem,5432626,53.43
PAM_2h_S11_rsem,6286688,52.22
PAM_2h_S13_rsem,4903012,51.39
PAM_2h_S15_rsem,5359109,50.42
PAM_2h_S16_rsem,5599893,48.69
PAM_2h_S18_rsem,2301858,51.07
PAM_2h_S1_rsem,5810315,46
PAM_2h_S20_rsem,3660471,57.54
PAM_2h_S21_rsem,1919253,29.47
PAM_2h_S22_rsem,4788966,45.49
PAM_2h_S23_rsem,4252044,49.23
PAM_2h_S25_rsem,4275595,52.4
PAM_2h_S26_rsem,3719836,41.95
PAM_2h_S27_rsem,3398091,52.03
PAM_2h_S2_rsem,7020017,51.17
PAM_2h_S30_rsem,4508332,52.9
PAM_2h_S31_rsem,5453597,43.35
PAM_2h_S32_rsem,5868504,45.21
PAM_2h_S33_rsem,3993491,51.38
PAM_2h_S34_rsem,4120062,56.16
PAM_2h_S35_rsem,4708320,39.4
PAM_2h_S36_rsem,7700540,49.16
PAM_2h_S37_rsem,5566274,46.18
PAM_2h_S39_rsem,4099989,44.91
PAM_2h_S3_rsem,4261018,26.77
PAM_2h_S40_rsem,4336523,58.66
PAM_2h_S42_rsem,4033182,59.7
PAM_2h_S43_rsem,5270789,50.85
PAM_2h_S46_rsem,5935971,50.7
PAM_2h_S49_rsem,6043079,56.2
PAM_2h_S50_rsem,1933926,28.13
PAM_2h_S51_rsem,5906104,45.22
PAM_2h_S52_rsem,4481591,30
PAM_2h_S55_rsem,6228992,58.34
PAM_2h_S56_rsem,4105301,43.21
PAM_2h_S58_rsem,6456118,56.79
PAM_2h_S59_rsem,6740481,54.47
PAM_2h_S61_rsem,6356748,44.45
PAM_2h_S62_rsem,7552840,55.9
PAM_2h_S63_rsem,8098167,51.55
PAM_2h_S64_rsem,7903548,50.89
PAM_2h_S66_rsem,6191279,55.29
PAM_2h_S67_rsem,5621059,52.63
PAM_2h_S68_rsem,4682117,39.63
PAM_2h_S69_rsem,6072322,54.05
PAM_2h_S6_rsem,2093361,41.47
PAM_2h_S70_rsem,4357178,33.33
PAM_2h_S72_rsem,8871959,51.41
PAM_2h_S73_rsem,8992840,55.18
PAM_2h_S74_rsem,7278771,55.87
PAM_2h_S75_rsem,6038357,54.9
PAM_2h_S77_rsem,7433234,45.4
PAM_2h_S78_rsem,3420863,39.58
PAM_2h_S7_rsem,4359573,53.53
PAM_2h_S80_rsem,7226659,54.18
PAM_2h_S81_rsem,6024420,46.89
PAM_2h_S82_rsem,6680016,60.57
PAM_2h_S83_rsem,4062260,36.59
PAM_2h_S84_rsem,8925656,51.38
PAM_2h_S86_rsem,6513212,55.66
PAM_2h_S87_rsem,6965112,46.74
PAM_2h_S88_rsem,5340295,48.58
PAM_2h_S8_rsem,2389271,33
PAM_2h_S90_rsem,6384143,57.34
PAM_2h_S91_rsem,7180156,53.03
PAM_2h_S92_rsem,7641238,50.02
PAM_2h_S93_rsem,5265681,62.74
PAM_4h_S10_rsem,2802297,40.95
PAM_4h_S14_rsem,4176222,59.1
PAM_4h_S15_rsem,5418352,60.94
PAM_4h_S18_rsem,4727618,59.01
PAM_4h_S1_rsem,4990653,52.92
PAM_4h_S24_rsem,5998087,57.48
PAM_4h_S25_rsem,4231751,49.44
PAM_4h_S26_rsem,3416397,59.06
PAM_4h_S27_rsem,5816472,51.09
PAM_4h_S28_rsem,3902046,67.4
PAM_4h_S2_rsem,5628558,70.82
PAM_4h_S30_rsem,3919061,51.03
PAM_4h_S31_rsem,3145667,41.57
PAM_4h_S32_rsem,1555621,44.28
PAM_4h_S33_rsem,3530747,52.9
PAM_4h_S34_rsem,4379524,53.97
PAM_4h_S38_rsem,5112167,51.92
PAM_4h_S39_rsem,2850072,46.37
PAM_4h_S41_rsem,3583797,45.89
PAM_4h_S42_rsem,2447444,47.34
PAM_4h_S44_rsem,3748621,48.58
PAM_4h_S45_rsem,4063248,55.07
PAM_4h_S46_rsem,5670803,44.83
PAM_4h_S47_rsem,3930679,46.33
PAM_4h_S50_rsem,1629211,51.46
PAM_4h_S51_rsem,4979002,53.02
PAM_4h_S52_rsem,4482229,54.67
PAM_4h_S55_rsem,3163782,38.67
PAM_4h_S56_rsem,4515503,49.14
PAM_4h_S57_rsem,3232288,51.01
PAM_4h_S58_rsem,4094927,50.72
PAM_4h_S59_rsem,4045130,47.78
PAM_4h_S5_rsem,5823028,51.29
PAM_4h_S61_rsem,3004767,36.49
PAM_4h_S62_rsem,6216255,53.71
PAM_4h_S64_rsem,7360297,54.55
PAM_4h_S65_rsem,5423160,54.04
PAM_4h_S67_rsem,4209390,43.84
PAM_4h_S68_rsem,4769420,49.03
PAM_4h_S69_rsem,2528876,55.47
PAM_4h_S6_rsem,4056212,53.17
PAM_4h_S72_rsem,8985561,45.95
PAM_4h_S73_rsem,4793450,51.7
PAM_4h_S76_rsem,1981308,50.18
PAM_4h_S79_rsem,5285524,53.56
PAM_4h_S7_rsem,6557076,56.26
PAM_4h_S80_rsem,3783606,34.85
PAM_4h_S85_rsem,3135396,46.94
PAM_4h_S86_rsem,4324575,55.65
PAM_4h_S87_rsem,2972484,43.32
PAM_4h_S89_rsem,4371887,65.63
PAM_4h_S90_rsem,4350120,46.01
PAM_4h_S91_rsem,3140317,56.62
PAM_4h_S92_rsem,5106336,48.68
PAM_4h_S93_rsem,1161888,49.36
PAM_4h_S96_rsem,6808217,55.82
PAM_4h_S9_rsem,4088918,64.97
PAM_6h_S11_rsem,5387232,60.3
PAM_6h_S13_rsem,4267942,42.7
PAM_6h_S16_rsem,4144656,55.59
PAM_6h_S17_rsem,4333299,67.87
PAM_6h_S19_rsem,5645295,51.66
PAM_6h_S20_rsem,2378804,49.66
PAM_6h_S21_rsem,5706763,51.86
PAM_6h_S24_rsem,3891918,59.24
PAM_6h_S27_rsem,6646802,52.29
PAM_6h_S29_rsem,5892552,53.82
PAM_6h_S30_rsem,2065713,69.02
PAM_6h_S32_rsem,5015507,51.69
PAM_6h_S36_rsem,4569479,47.45
PAM_6h_S38_rsem,4818561,51.42
PAM_6h_S39_rsem,4270345,53.06
PAM_6h_S3_rsem,4626138,41.78
PAM_6h_S44_rsem,4669874,50.43
PAM_6h_S48_rsem,6260252,62.55
PAM_6h_S55_rsem,3288631,56.43
PAM_6h_S56_rsem,4384472,54.53
PAM_6h_S57_rsem,5408170,46.14
PAM_6h_S58_rsem,3998815,53.19
PAM_6h_S65_rsem,5085662,47.45
PAM_6h_S67_rsem,6357489,53.65
PAM_6h_S68_rsem,4388234,48.37
PAM_6h_S6_rsem,3396651,66.97
PAM_6h_S70_rsem,5978170,53.34
PAM_6h_S71_rsem,6989764,55.92
PAM_6h_S75_rsem,9334314,61.46
PAM_6h_S77_rsem,5213072,49.36
PAM_6h_S79_rsem,5823776,55.57
PAM_6h_S7_rsem,3937467,55.12
PAM_6h_S85_rsem,2258159,59.59
PAM_6h_S86_rsem,5524559,55.17
PAM_6h_S8_rsem,3839669,62.06
PAM_6h_S94_rsem,5228994,53.08
PAM_6h_S96_rsem,4039328,50.39
PAM_6h_S9_rsem,4926481,71.42
PIC_1h_S10_rsem,3185691,39.8
PIC_1h_S11_rsem,3499974,39.46
PIC_1h_S13_rsem,3854693,36.07
PIC_1h_S15_rsem,4630259,35.24
PIC_1h_S16_rsem,5812259,43.49
PIC_1h_S17_rsem,5648531,50.32
PIC_1h_S18_rsem,2970018,45.65
PIC_1h_S19_rsem,7614079,37.61
PIC_1h_S1_rsem,2813219,36.79
PIC_1h_S20_rsem,4714686,51.48
PIC_1h_S23_rsem,4646500,46.04
PIC_1h_S24_rsem,6466054,52.56
PIC_1h_S25_rsem,4039907,42.04
PIC_1h_S27_rsem,3634428,45.04
PIC_1h_S28_rsem,5844938,58.69
PIC_1h_S2_rsem,4261735,40.72
PIC_1h_S30_rsem,5900570,53.22
PIC_1h_S31_rsem,5747871,42.45
PIC_1h_S32_rsem,6111102,42.76
PIC_1h_S34_rsem,2768373,46.76
PIC_1h_S35_rsem,7119055,51.79
PIC_1h_S36_rsem,5606886,36.98
PIC_1h_S37_rsem,2020542,37.73
PIC_1h_S38_rsem,4602379,47.82
PIC_1h_S3_rsem,7444310,39.1
PIC_1h_S41_rsem,4575227,42.08
PIC_1h_S43_rsem,4852011,41.81
PIC_1h_S44_rsem,5353837,39.68
PIC_1h_S45_rsem,5639858,44.85
PIC_1h_S47_rsem,5818228,56.63
PIC_1h_S48_rsem,2633846,34.1
PIC_1h_S50_rsem,3951334,43.26
PIC_1h_S51_rsem,3737829,41.74
PIC_1h_S53_rsem,5824995,43.8
PIC_1h_S54_rsem,4031629,39.01
PIC_1h_S55_rsem,4666511,34.03
PIC_1h_S58_rsem,3612605,40.95
PIC_1h_S59_rsem,6643893,57.64
PIC_1h_S60_rsem,8561306,42
PIC_1h_S61_rsem,5492899,40.65
PIC_1h_S63_rsem,4365792,46.08
PIC_1h_S64_rsem,4079973,29.89
PIC_1h_S65_rsem,10063811,42.52
PIC_1h_S67_rsem,2293506,24
PIC_1h_S69_rsem,3189659,26.94
PIC_1h_S6_rsem,2187628,34.45
PIC_1h_S70_rsem,3096351,32.61
PIC_1h_S71_rsem,6850767,53.34
PIC_1h_S73_rsem,2066312,18.93
PIC_1h_S74_rsem,4050657,51.35
PIC_1h_S75_rsem,1662858,30.44
PIC_1h_S77_rsem,5852476,38.08
PIC_1h_S78_rsem,6194790,62.61
PIC_1h_S79_rsem,5995035,45.03
PIC_1h_S80_rsem,5158789,44.33
PIC_1h_S85_rsem,3248580,44.89
PIC_1h_S86_rsem,3260181,44.03
PIC_1h_S87_rsem,1664027,28.99
PIC_1h_S88_rsem,4205552,37.55
PIC_1h_S89_rsem,5641693,44.43
PIC_1h_S8_rsem,5434620,36.3
PIC_1h_S90_rsem,3354685,45.35
PIC_1h_S91_rsem,1856500,25.83
PIC_1h_S94_rsem,4279989,43.12
PIC_1h_S95_rsem,4666168,50.89
PIC_1h_S96_rsem,10040692,46.7
PIC_1h_S9_rsem,2946955,58.88
PIC_2h_S10_rsem,5656699,46.67
PIC_2h_S11_rsem,6654817,57.46
PIC_2h_S12_rsem,4669331,50.06
PIC_2h_S13_rsem,4484407,42.61
PIC_2h_S14_rsem,3917155,49.97
PIC_2h_S15_rsem,5459873,52.02
PIC_2h_S16_rsem,3661950,42.33
PIC_2h_S18_rsem,5486926,50.06
PIC_2h_S19_rsem,4532565,44.27
PIC_2h_S23_rsem,7228544,48.11
PIC_2h_S25_rsem,5486604,45.32
PIC_2h_S26_rsem,4910840,50.99
PIC_2h_S27_rsem,5619820,51.04
PIC_2h_S28_rsem,6529040,52.17
PIC_2h_S29_rsem,4323706,53.37
PIC_2h_S2_rsem,2998543,47.35
PIC_2h_S30_rsem,4669230,49.07
PIC_2h_S32_rsem,4137372,23.79
PIC_2h_S34_rsem,6127959,46.95
PIC_2h_S35_rsem,6628192,48.55
PIC_2h_S37_rsem,4097970,41.76
PIC_2h_S38_rsem,3999328,39.88
PIC_2h_S40_rsem,4226044,43.79
PIC_2h_S41_rsem,6155928,51.37
PIC_2h_S44_rsem,3614951,31.29
PIC_2h_S45_rsem,2098648,43.05
PIC_2h_S47_rsem,4624329,45.75
PIC_2h_S50_rsem,4011745,49.99
PIC_2h_S51_rsem,5414693,42.82
PIC_2h_S52_rsem,3605076,48.75
PIC_2h_S53_rsem,8054156,55.83
PIC_2h_S55_rsem,6056122,47.64
PIC_2h_S56_rsem,5525865,50.1
PIC_2h_S57_rsem,5292939,42.4
PIC_2h_S59_rsem,3376377,29.65
PIC_2h_S5_rsem,4616756,36.24
PIC_2h_S60_rsem,8302223,51.95
PIC_2h_S61_rsem,3008478,40.47
PIC_2h_S63_rsem,5204553,43.86
PIC_2h_S64_rsem,6551711,55.39
PIC_2h_S65_rsem,4716946,42.58
PIC_2h_S66_rsem,2180671,55.13
PIC_2h_S67_rsem,5746104,48.76
PIC_2h_S68_rsem,5820671,49.48
PIC_2h_S69_rsem,8426487,47.03
PIC_2h_S6_rsem,3583074,55.12
PIC_2h_S70_rsem,4120755,30.87
PIC_2h_S71_rsem,5944348,51.82
PIC_2h_S72_rsem,8944715,52.27
PIC_2h_S74_rsem,3497031,40.07
PIC_2h_S75_rsem,5135307,42.21
PIC_2h_S76_rsem,2035077,63.21
PIC_2h_S77_rsem,6002620,65.79
PIC_2h_S80_rsem,4507670,44.27
PIC_2h_S82_rsem,6178064,42.09
PIC_2h_S85_rsem,1062282,38.16
PIC_2h_S87_rsem,2027525,49.34
PIC_2h_S89_rsem,5927331,47.38
PIC_2h_S8_rsem,2782829,39.31
PIC_2h_S93_rsem,3203610,36.64
PIC_2h_S95_rsem,6119550,52.91
PIC_2h_S9_rsem,5122608,55.04
PIC_4h_S10_rsem,3422705,56.24
PIC_4h_S13_rsem,4140993,45.41
PIC_4h_S14_rsem,6410296,48.64
PIC_4h_S15_rsem,2914088,44.09
PIC_4h_S19_rsem,5945920,38.23
PIC_4h_S1_rsem,2168153,39.06
PIC_4h_S20_rsem,3088969,49.19
PIC_4h_S21_rsem,4721117,42.76
PIC_4h_S22_rsem,3059134,46.84
PIC_4h_S23_rsem,4749018,49.37
PIC_4h_S25_rsem,7519383,55.14
PIC_4h_S26_rsem,3155809,40.92
PIC_4h_S27_rsem,5702418,46.45
PIC_4h_S29_rsem,3499708,45.23
PIC_4h_S30_rsem,4495710,53.17
PIC_4h_S32_rsem,7134167,52.31
PIC_4h_S33_rsem,4647563,43.61
PIC_4h_S34_rsem,3704372,49.91
PIC_4h_S35_rsem,5344924,51.52
PIC_4h_S36_rsem,4266695,47.53
PIC_4h_S37_rsem,5734358,56.13
PIC_4h_S38_rsem,4992396,42.55
PIC_4h_S39_rsem,4710783,43.84
PIC_4h_S3_rsem,6208517,41.23
PIC_4h_S43_rsem,4482933,42.86
PIC_4h_S45_rsem,4653429,35.18
PIC_4h_S46_rsem,3700222,40.93
PIC_4h_S47_rsem,4463475,49.61
PIC_4h_S4_rsem,2151975,49.72
PIC_4h_S50_rsem,4172392,43.71
PIC_4h_S51_rsem,5451975,44.7
PIC_4h_S52_rsem,5051242,47.45
PIC_4h_S54_rsem,2611814,57.83
PIC_4h_S55_rsem,4914005,60.48
PIC_4h_S58_rsem,4553814,53.21
PIC_4h_S59_rsem,6280378,44.09
PIC_4h_S5_rsem,7220527,43.28
PIC_4h_S60_rsem,5212442,49.8
PIC_4h_S61_rsem,6709773,47.01
PIC_4h_S63_rsem,6794615,39.86
PIC_4h_S64_rsem,10298905,57.22
PIC_4h_S65_rsem,6769039,52.97
PIC_4h_S67_rsem,7402109,42.56
PIC_4h_S68_rsem,3257815,51.58
PIC_4h_S69_rsem,4923771,39.94
PIC_4h_S6_rsem,3636718,51.87
PIC_4h_S72_rsem,5008503,48.38
PIC_4h_S73_rsem,4392803,47.67
PIC_4h_S74_rsem,7357218,59.25
PIC_4h_S76_rsem,1971323,51.56
PIC_4h_S77_rsem,9726257,58.23
PIC_4h_S79_rsem,8758485,40.93
PIC_4h_S81_rsem,5055610,50.75
PIC_4h_S83_rsem,5995987,45.58
PIC_4h_S87_rsem,10688027,59.68
PIC_4h_S88_rsem,5808048,64.03
PIC_4h_S89_rsem,7761074,47.83
PIC_4h_S8_rsem,3731788,38.03
PIC_4h_S90_rsem,2291367,47.24
PIC_4h_S91_rsem,8036753,43.79
PIC_4h_S92_rsem,4128308,45.09
PIC_4h_S93_rsem,5634861,45.17
PIC_4h_S94_rsem,3640700,51.2
PIC_4h_S95_rsem,3532673,35.82
PIC_6h_S14_rsem,2158528,51.87
PIC_6h_S15_rsem,1336865,23.73
PIC_6h_S17_rsem,2459011,38.98
PIC_6h_S18_rsem,1815463,18.75
PIC_6h_S27_rsem,1812006,17.12
PIC_6h_S28_rsem,1970892,18.2
PIC_6h_S29_rsem,1358378,50.05
PIC_6h_S30_rsem,1232874,36.5
PIC_6h_S32_rsem,1512616,36.66
PIC_6h_S36_rsem,1809694,24.9
PIC_6h_S38_rsem,1312218,54.18
PIC_6h_S41_rsem,1315930,25.18
PIC_6h_S46_rsem,1523185,29.53
PIC_6h_S48_rsem,1060232,62.79
PIC_6h_S52_rsem,1888562,18.2
PIC_6h_S58_rsem,2174391,42.04
PIC_6h_S59_rsem,1310118,48.5
PIC_6h_S61_rsem,1129129,17.58
PIC_6h_S62_rsem,1717885,51.37
PIC_6h_S66_rsem,2199780,51.77
PIC_6h_S70_rsem,1675209,56.03
PIC_6h_S71_rsem,1563599,59.34
PIC_6h_S72_rsem,1517216,27.39
PIC_6h_S74_rsem,1544956,42.45
PIC_6h_S7_rsem,1555615,23.64
PIC_6h_S83_rsem,1401499,53.36
PIC_6h_S94_rsem,1179720,35.12
PIC_6h_S95_rsem,1465508,19.57
Stat1_KO_LPS_4h_S12_rsem,1147917,62.19
Stat1_KO_LPS_4h_S14_rsem,1603214,55.56
Stat1_KO_LPS_4h_S17_rsem,1274011,49.63
Stat1_KO_LPS_4h_S1_rsem,2594337,54.64
Stat1_KO_LPS_4h_S20_rsem,1170321,63.16
Stat1_KO_LPS_4h_S22_rsem,1529731,47.27
Stat1_KO_LPS_4h_S23_rsem,1543608,52.77
Stat1_KO_LPS_4h_S24_rsem,1885286,53.48
Stat1_KO_LPS_4h_S25_rsem,1656345,66.49
Stat1_KO_LPS_4h_S27_rsem,1058562,36.24
Stat1_KO_LPS_4h_S28_rsem,1167546,63.84
Stat1_KO_LPS_4h_S31_rsem,1751951,53.14
Stat1_KO_LPS_4h_S35_rsem,1729334,55.83
Stat1_KO_LPS_4h_S36_rsem,1025622,39.52
Stat1_KO_LPS_4h_S37_rsem,1524364,51.06
Stat1_KO_LPS_4h_S38_rsem,1291357,54.78
Stat1_KO_LPS_4h_S39_rsem,1170816,39.23
Stat1_KO_LPS_4h_S3_rsem,1951878,53.8
Stat1_KO_LPS_4h_S40_rsem,1277522,63.09
Stat1_KO_LPS_4h_S47_rsem,1590779,58.29
Stat1_KO_LPS_4h_S48_rsem,1542228,67.17
Stat1_KO_LPS_4h_S4_rsem,1375419,60.93
Stat1_KO_LPS_4h_S52_rsem,1248486,62.37
Stat1_KO_LPS_4h_S53_rsem,1058379,58.52
Stat1_KO_LPS_4h_S61_rsem,1302706,53.36
Stat1_KO_LPS_4h_S62_rsem,1379427,56.98
Stat1_KO_LPS_4h_S63_rsem,1244287,64.13
Stat1_KO_LPS_4h_S64_rsem,1090086,63.5
Stat1_KO_LPS_4h_S65_rsem,1326508,51.75
Stat1_KO_LPS_4h_S66_rsem,1894215,55.15
Stat1_KO_LPS_4h_S69_rsem,1241106,50.41
Stat1_KO_LPS_4h_S72_rsem,1957031,65.31
Stat1_KO_LPS_4h_S78_rsem,1177180,62.99
Stat1_KO_LPS_4h_S7_rsem,1345481,62.11
Stat1_KO_LPS_4h_S84_rsem,1436285,43.15
Stat1_KO_LPS_4h_S85_rsem,1002884,46.86
Stat1_KO_LPS_4h_S88_rsem,1100588,70.43
Stat1_KO_LPS_4h_S8_rsem,1371270,60.76
Tnfr_KO_LPS_4h_S13_rsem,1697026,60.85
Tnfr_KO_LPS_4h_S14_rsem,2035139,62.43
Tnfr_KO_LPS_4h_S16_rsem,1561183,56.51
Tnfr_KO_LPS_4h_S18_rsem,2589427,59.36
Tnfr_KO_LPS_4h_S19_rsem,1750679,65.29
Tnfr_KO_LPS_4h_S20_rsem,2366233,60.05
Tnfr_KO_LPS_4h_S21_rsem,2370936,59.08
Tnfr_KO_LPS_4h_S22_rsem,2139441,63.42
Tnfr_KO_LPS_4h_S23_rsem,2452329,63.46
Tnfr_KO_LPS_4h_S25_rsem,1791359,61.78
Tnfr_KO_LPS_4h_S27_rsem,2537501,66.15
Tnfr_KO_LPS_4h_S28_rsem,1522029,59.67
Tnfr_KO_LPS_4h_S2_rsem,1819667,59.63
Tnfr_KO_LPS_4h_S30_rsem,1903374,60.31
Tnfr_KO_LPS_4h_S31_rsem,1089764,56.91
Tnfr_KO_LPS_4h_S32_rsem,1723207,56.95
Tnfr_KO_LPS_4h_S33_rsem,1054269,57.93
Tnfr_KO_LPS_4h_S35_rsem,2112182,64.22
Tnfr_KO_LPS_4h_S36_rsem,1395211,64.05
Tnfr_KO_LPS_4h_S38_rsem,1385606,62
Tnfr_KO_LPS_4h_S3_rsem,2260067,60.74
Tnfr_KO_LPS_4h_S40_rsem,1614477,56.18
Tnfr_KO_LPS_4h_S44_rsem,1084491,64.81
Tnfr_KO_LPS_4h_S45_rsem,1754439,60.12
Tnfr_KO_LPS_4h_S50_rsem,1041217,66.5
Tnfr_KO_LPS_4h_S51_rsem,2445889,65.07
Tnfr_KO_LPS_4h_S56_rsem,1494607,66.97
Tnfr_KO_LPS_4h_S57_rsem,1640055,54.45
Tnfr_KO_LPS_4h_S5_rsem,1856159,58.19
Tnfr_KO_LPS_4h_S63_rsem,1587263,59.08
Tnfr_KO_LPS_4h_S64_rsem,1532035,52.57
Tnfr_KO_LPS_4h_S65_rsem,2353509,62.48
Tnfr_KO_LPS_4h_S66_rsem,2004981,58.21
Tnfr_KO_LPS_4h_S6_rsem,1650069,58.65
Tnfr_KO_LPS_4h_S70_rsem,2441190,62.29
Tnfr_KO_LPS_4h_S75_rsem,1676500,53.46
Tnfr_KO_LPS_4h_S76_rsem,2047994,62.1
Tnfr_KO_LPS_4h_S77_rsem,2609024,62.54
Tnfr_KO_LPS_4h_S79_rsem,2091313,63.59
Tnfr_KO_LPS_4h_S82_rsem,1985703,64.16
Tnfr_KO_LPS_4h_S83_rsem,1732049,53.04
Tnfr_KO_LPS_4h_S86_rsem,2691711,62.34
Tnfr_KO_LPS_4h_S89_rsem,2197677,61.12
Tnfr_KO_LPS_4h_S90_rsem,1528727,53.16
Tnfr_KO_LPS_4h_S91_rsem,1557689,61.04
Tnfr_KO_LPS_4h_S92_rsem,1866832,61.45
Tnfr_KO_LPS_4h_S93_rsem,2556139,64.22
Tnfr_KO_LPS_4h_S94_rsem,1886106,64.12
Tnfr_KO_LPS_4h_S95_rsem,1786553,53.82
LPS_4h_GolgiPlug_0h_S10_rsem,1727653,58.8
LPS_4h_GolgiPlug_0h_S13_rsem,1910516,61.04
LPS_4h_GolgiPlug_0h_S14_rsem,2112041,40.38
LPS_4h_GolgiPlug_0h_S16_rsem,2704064,49.67
LPS_4h_GolgiPlug_0h_S17_rsem,2300551,51.56
LPS_4h_GolgiPlug_0h_S18_rsem,2880747,44.33
LPS_4h_GolgiPlug_0h_S19_rsem,1748352,50.65
LPS_4h_GolgiPlug_0h_S20_rsem,2471515,44.39
LPS_4h_GolgiPlug_0h_S25_rsem,3423738,41.4
LPS_4h_GolgiPlug_0h_S27_rsem,2781265,36.99
LPS_4h_GolgiPlug_0h_S28_rsem,2780755,53.4
LPS_4h_GolgiPlug_0h_S29_rsem,3252491,47.26
LPS_4h_GolgiPlug_0h_S32_rsem,1629377,50.12
LPS_4h_GolgiPlug_0h_S36_rsem,3207801,52.04
LPS_4h_GolgiPlug_0h_S37_rsem,1940669,54.57
LPS_4h_GolgiPlug_0h_S38_rsem,2238858,53.68
LPS_4h_GolgiPlug_0h_S40_rsem,2704117,56.46
LPS_4h_GolgiPlug_0h_S42_rsem,3081677,58.26
LPS_4h_GolgiPlug_0h_S43_rsem,2290562,31.43
LPS_4h_GolgiPlug_0h_S46_rsem,1913982,40.71
LPS_4h_GolgiPlug_0h_S47_rsem,2431536,42.09
LPS_4h_GolgiPlug_0h_S48_rsem,2800989,56.93
LPS_4h_GolgiPlug_0h_S49_rsem,1317040,36.93
LPS_4h_GolgiPlug_0h_S50_rsem,2376208,63.49
LPS_4h_GolgiPlug_0h_S51_rsem,2156787,48.58
LPS_4h_GolgiPlug_0h_S52_rsem,1464172,48.46
LPS_4h_GolgiPlug_0h_S54_rsem,2397128,42.07
LPS_4h_GolgiPlug_0h_S55_rsem,1934287,38.44
LPS_4h_GolgiPlug_0h_S56_rsem,2630235,42.66
LPS_4h_GolgiPlug_0h_S58_rsem,2203418,55.37
LPS_4h_GolgiPlug_0h_S5_rsem,2019048,53.92
LPS_4h_GolgiPlug_0h_S61_rsem,3045682,52.28
LPS_4h_GolgiPlug_0h_S63_rsem,1441969,44.17
LPS_4h_GolgiPlug_0h_S65_rsem,2873318,56.26
LPS_4h_GolgiPlug_0h_S66_rsem,2337812,51.26
LPS_4h_GolgiPlug_0h_S67_rsem,2154111,51.47
LPS_4h_GolgiPlug_0h_S68_rsem,1205891,43.83
LPS_4h_GolgiPlug_0h_S69_rsem,1298070,35.65
LPS_4h_GolgiPlug_0h_S6_rsem,1786165,52.85
LPS_4h_GolgiPlug_0h_S70_rsem,2626494,40.47
LPS_4h_GolgiPlug_0h_S71_rsem,2266545,49.03
LPS_4h_GolgiPlug_0h_S72_rsem,2424859,38.3
LPS_4h_GolgiPlug_0h_S73_rsem,2908488,56.26
LPS_4h_GolgiPlug_0h_S75_rsem,2027023,47.94
LPS_4h_GolgiPlug_0h_S77_rsem,3052546,42.94
LPS_4h_GolgiPlug_0h_S7_rsem,1399317,43.37
LPS_4h_GolgiPlug_0h_S82_rsem,2632278,52.21
LPS_4h_GolgiPlug_0h_S83_rsem,1478824,45.85
LPS_4h_GolgiPlug_0h_S84_rsem,2764348,45.49
LPS_4h_GolgiPlug_0h_S85_rsem,2358603,57.07
LPS_4h_GolgiPlug_0h_S86_rsem,1020198,42.27
LPS_4h_GolgiPlug_0h_S87_rsem,1856029,36.3
LPS_4h_GolgiPlug_0h_S88_rsem,2976281,57.76
LPS_4h_GolgiPlug_0h_S93_rsem,2661905,53.91
LPS_4h_GolgiPlug_0h_S95_rsem,1867862,50.03
LPS_4h_GolgiPlug_0h_S9_rsem,2044106,49.71
LPS_4h_GolgiPlug_1h_S17_rsem,1434047,49.65
LPS_4h_GolgiPlug_1h_S21_rsem,1918566,32.66
LPS_4h_GolgiPlug_1h_S23_rsem,3249131,40.1
LPS_4h_GolgiPlug_1h_S27_rsem,2958289,37.4
LPS_4h_GolgiPlug_1h_S28_rsem,10230227,58.51
LPS_4h_GolgiPlug_1h_S31_rsem,2939714,49.49
LPS_4h_GolgiPlug_1h_S32_rsem,1472853,37.54
LPS_4h_GolgiPlug_1h_S35_rsem,2909081,46.28
LPS_4h_GolgiPlug_1h_S38_rsem,2618016,55.22
LPS_4h_GolgiPlug_1h_S39_rsem,2615297,49.72
LPS_4h_GolgiPlug_1h_S3_rsem,4668859,44.67
LPS_4h_GolgiPlug_1h_S40_rsem,4583802,55.41
LPS_4h_GolgiPlug_1h_S41_rsem,1199726,43.9
LPS_4h_GolgiPlug_1h_S42_rsem,1333786,48.34
LPS_4h_GolgiPlug_1h_S44_rsem,1813223,54.56
LPS_4h_GolgiPlug_1h_S45_rsem,1276136,40.51
LPS_4h_GolgiPlug_1h_S47_rsem,2607675,46.07
LPS_4h_GolgiPlug_1h_S48_rsem,4528391,42.42
LPS_4h_GolgiPlug_1h_S50_rsem,2414318,43.25
LPS_4h_GolgiPlug_1h_S51_rsem,5255532,51.55
LPS_4h_GolgiPlug_1h_S52_rsem,1501287,45.12
LPS_4h_GolgiPlug_1h_S55_rsem,1283484,43.46
LPS_4h_GolgiPlug_1h_S57_rsem,2352372,48.38
LPS_4h_GolgiPlug_1h_S59_rsem,1430949,56.89
LPS_4h_GolgiPlug_1h_S60_rsem,3651547,51.89
LPS_4h_GolgiPlug_1h_S62_rsem,1714351,48.11
LPS_4h_GolgiPlug_1h_S65_rsem,2068662,47.58
LPS_4h_GolgiPlug_1h_S67_rsem,3756226,47.66
LPS_4h_GolgiPlug_1h_S69_rsem,8998798,60.37
LPS_4h_GolgiPlug_1h_S72_rsem,4167890,51.22
LPS_4h_GolgiPlug_1h_S73_rsem,4779196,48.13
LPS_4h_GolgiPlug_1h_S74_rsem,5035096,55.16
LPS_4h_GolgiPlug_1h_S75_rsem,4926604,40.65
LPS_4h_GolgiPlug_1h_S76_rsem,4265846,43
LPS_4h_GolgiPlug_1h_S78_rsem,1896733,57.07
LPS_4h_GolgiPlug_1h_S79_rsem,1736464,44.09
LPS_4h_GolgiPlug_1h_S81_rsem,2107187,41.91
LPS_4h_GolgiPlug_1h_S83_rsem,1575761,42.59
LPS_4h_GolgiPlug_1h_S84_rsem,3250409,41.46
LPS_4h_GolgiPlug_1h_S85_rsem,1156788,48.72
LPS_4h_GolgiPlug_1h_S86_rsem,2453070,51.59
LPS_4h_GolgiPlug_1h_S87_rsem,3162967,48.9
LPS_4h_GolgiPlug_1h_S88_rsem,2901870,42.5
LPS_4h_GolgiPlug_1h_S91_rsem,2905923,43.38
LPS_4h_GolgiPlug_1h_S95_rsem,2984283,49.28
LPS_4h_GolgiPlug_1h_S96_rsem,3078675,40.7
LPS_4h_GolgiPlug_2h_S12_rsem,1757878,60.75
LPS_4h_GolgiPlug_2h_S15_rsem,3723127,63.19
LPS_4h_GolgiPlug_2h_S16_rsem,1489109,36.62
LPS_4h_GolgiPlug_2h_S1_rsem,1018707,56.99
LPS_4h_GolgiPlug_2h_S21_rsem,1153931,47.9
LPS_4h_GolgiPlug_2h_S22_rsem,4675878,54.78
LPS_4h_GolgiPlug_2h_S23_rsem,1174058,46.38
LPS_4h_GolgiPlug_2h_S27_rsem,5629918,50.5
LPS_4h_GolgiPlug_2h_S29_rsem,2136143,53.08
LPS_4h_GolgiPlug_2h_S2_rsem,1123630,49.76
LPS_4h_GolgiPlug_2h_S30_rsem,2301021,49
LPS_4h_GolgiPlug_2h_S33_rsem,1233264,41.44
LPS_4h_GolgiPlug_2h_S35_rsem,2118008,53.99
LPS_4h_GolgiPlug_2h_S36_rsem,1380229,36.77
LPS_4h_GolgiPlug_2h_S37_rsem,1663766,31.76
LPS_4h_GolgiPlug_2h_S39_rsem,1382092,44.08
LPS_4h_GolgiPlug_2h_S3_rsem,2388691,55.39
LPS_4h_GolgiPlug_2h_S41_rsem,2939795,47.33
LPS_4h_GolgiPlug_2h_S44_rsem,1348107,50.96
LPS_4h_GolgiPlug_2h_S45_rsem,1239114,52.1
LPS_4h_GolgiPlug_2h_S46_rsem,5593867,53.82
LPS_4h_GolgiPlug_2h_S47_rsem,4495078,60.87
LPS_4h_GolgiPlug_2h_S48_rsem,3047522,46.52
LPS_4h_GolgiPlug_2h_S49_rsem,2065742,54.56
LPS_4h_GolgiPlug_2h_S4_rsem,1234290,52.55
LPS_4h_GolgiPlug_2h_S50_rsem,1983313,56.53
LPS_4h_GolgiPlug_2h_S51_rsem,1122324,55.67
LPS_4h_GolgiPlug_2h_S53_rsem,6273049,62.55
LPS_4h_GolgiPlug_2h_S54_rsem,1846542,50.9
LPS_4h_GolgiPlug_2h_S57_rsem,1797818,52.1
LPS_4h_GolgiPlug_2h_S59_rsem,2334065,48.7
LPS_4h_GolgiPlug_2h_S60_rsem,5794442,58.38
LPS_4h_GolgiPlug_2h_S61_rsem,1442888,45.72
LPS_4h_GolgiPlug_2h_S62_rsem,2007221,60.68
LPS_4h_GolgiPlug_2h_S63_rsem,1920134,55.96
LPS_4h_GolgiPlug_2h_S65_rsem,3491740,60.05
LPS_4h_GolgiPlug_2h_S66_rsem,4565017,62.04
LPS_4h_GolgiPlug_2h_S71_rsem,1633593,43.53
LPS_4h_GolgiPlug_2h_S73_rsem,1604854,43.18
LPS_4h_GolgiPlug_2h_S74_rsem,2553913,57.7
LPS_4h_GolgiPlug_2h_S77_rsem,2787000,61.64
LPS_4h_GolgiPlug_2h_S78_rsem,2007901,55.54
LPS_4h_GolgiPlug_2h_S79_rsem,1381860,38.17
LPS_4h_GolgiPlug_2h_S82_rsem,2802213,61.63
LPS_4h_GolgiPlug_2h_S85_rsem,1317068,57.4
LPS_4h_GolgiPlug_2h_S86_rsem,1550676,56.75
LPS_4h_GolgiPlug_2h_S87_rsem,1688236,57.47
LPS_4h_GolgiPlug_2h_S88_rsem,1817381,48.75
LPS_4h_GolgiPlug_2h_S8_rsem,1023894,55.71
LPS_4h_GolgiPlug_2h_S90_rsem,1419819,55.63
LPS_4h_GolgiPlug_2h_S92_rsem,2494130,41.83
LPS_4h_GolgiPlug_2h_S95_rsem,1528240,50.58
LPS_4h_GolgiPlug_2h_S96_rsem,1482009,50.95
On_Chip_Unstim_S13_rsem,3353263,41.06
On_Chip_Unstim_S16_rsem,1330146,26.12
On_Chip_Unstim_S19_rsem,1497360,24.39
On_Chip_Unstim_S25_rsem,1110068,24.64
On_Chip_Unstim_S26_rsem,1393832,17.89
On_Chip_Unstim_S27_rsem,1555174,31.24
On_Chip_Unstim_S28_rsem,1930041,20.61
On_Chip_Unstim_S29_rsem,2102322,25.2
On_Chip_Unstim_S32_rsem,2104319,31.14
On_Chip_Unstim_S38_rsem,1715476,27.92
On_Chip_Unstim_S39_rsem,1383285,15.8
On_Chip_Unstim_S3_rsem,1418501,21.71
On_Chip_Unstim_S40_rsem,1230240,18.94
On_Chip_Unstim_S44_rsem,1449219,18.44
On_Chip_Unstim_S47_rsem,1301750,22.99
On_Chip_Unstim_S48_rsem,1523078,31.3
On_Chip_Unstim_S50_rsem,1274463,17.2
On_Chip_Unstim_S54_rsem,1238523,19.96
On_Chip_Unstim_S55_rsem,1207253,20.98
On_Chip_Unstim_S58_rsem,2389579,44.31
On_Chip_Unstim_S59_rsem,1322314,21.65
On_Chip_Unstim_S5_rsem,1475494,21.12
On_Chip_Unstim_S63_rsem,1936975,20.07
On_Chip_Unstim_S68_rsem,2096803,23.89
On_Chip_Unstim_S73_rsem,3391952,41.91
On_Chip_Unstim_S75_rsem,1844759,41.28
On_Chip_Unstim_S77_rsem,1353101,22.39
On_Chip_Unstim_S79_rsem,1650898,28.54
On_Chip_Unstim_S80_rsem,2986487,41.84
On_Chip_Unstim_S82_rsem,1107325,16.93
On_Chip_Unstim_S86_rsem,2650017,34.7
On_Chip_Unstim_S90_rsem,2704394,18.14
On_Chip_Unstim_S91_rsem,2765578,40.38
On_Chip_Unstim_S92_rsem,1502201,16.08
On_Chip_Unstim_S93_rsem,1350203,35.82
On_Chip_Unstim_S94_rsem,1345680,20
On_Chip_Unstim_S95_rsem,1586828,37.15
On_Chip_Unstim_S9_rsem,1369068,32.72
Ifnar1_KO_LPS_2h_S11_rsem,2502162,53.55
Ifnar1_KO_LPS_2h_S15_rsem,2057623,44.4
Ifnar1_KO_LPS_2h_S16_rsem,2128678,46.95
Ifnar1_KO_LPS_2h_S18_rsem,2217070,54.86
Ifnar1_KO_LPS_2h_S1_rsem,2411852,50.15
Ifnar1_KO_LPS_2h_S20_rsem,2025006,40.53
Ifnar1_KO_LPS_2h_S24_rsem,1858202,45.5
Ifnar1_KO_LPS_2h_S25_rsem,2298794,49.9
Ifnar1_KO_LPS_2h_S26_rsem,3229026,61.6
Ifnar1_KO_LPS_2h_S27_rsem,3090587,41.92
Ifnar1_KO_LPS_2h_S29_rsem,2477484,41.74
Ifnar1_KO_LPS_2h_S2_rsem,1470508,57.78
Ifnar1_KO_LPS_2h_S30_rsem,2488450,36.94
Ifnar1_KO_LPS_2h_S31_rsem,1925995,47.6
Ifnar1_KO_LPS_2h_S33_rsem,1917413,56.87
Ifnar1_KO_LPS_2h_S35_rsem,1586822,43.3
Ifnar1_KO_LPS_2h_S36_rsem,2240183,48.88
Ifnar1_KO_LPS_2h_S38_rsem,1889462,49.06
Ifnar1_KO_LPS_2h_S39_rsem,1758070,51.43
Ifnar1_KO_LPS_2h_S3_rsem,2360214,56.03
Ifnar1_KO_LPS_2h_S40_rsem,1991488,52.56
Ifnar1_KO_LPS_2h_S41_rsem,1727991,53.17
Ifnar1_KO_LPS_2h_S43_rsem,1259916,37.68
Ifnar1_KO_LPS_2h_S44_rsem,3496987,42.26
Ifnar1_KO_LPS_2h_S45_rsem,1498845,32.8
Ifnar1_KO_LPS_2h_S46_rsem,1551496,51.41
Ifnar1_KO_LPS_2h_S47_rsem,2446236,63.62
Ifnar1_KO_LPS_2h_S49_rsem,1952747,43.1
Ifnar1_KO_LPS_2h_S4_rsem,3062152,57.94
Ifnar1_KO_LPS_2h_S51_rsem,2464836,45.98
Ifnar1_KO_LPS_2h_S53_rsem,2003326,49.07
Ifnar1_KO_LPS_2h_S54_rsem,3204779,58.79
Ifnar1_KO_LPS_2h_S56_rsem,1834933,35.2
Ifnar1_KO_LPS_2h_S57_rsem,1923390,44.86
Ifnar1_KO_LPS_2h_S5_rsem,2841251,54.75
Ifnar1_KO_LPS_2h_S60_rsem,1902531,39.16
Ifnar1_KO_LPS_2h_S61_rsem,2307195,51.91
Ifnar1_KO_LPS_2h_S62_rsem,2917259,55.43
Ifnar1_KO_LPS_2h_S65_rsem,2783847,43.33
Ifnar1_KO_LPS_2h_S66_rsem,1984549,49.4
Ifnar1_KO_LPS_2h_S67_rsem,2211151,56.47
Ifnar1_KO_LPS_2h_S68_rsem,2260044,54.41
Ifnar1_KO_LPS_2h_S6_rsem,2256666,58.55
Ifnar1_KO_LPS_2h_S70_rsem,2805464,56.93
Ifnar1_KO_LPS_2h_S71_rsem,1190892,40.22
Ifnar1_KO_LPS_2h_S74_rsem,2049908,56.38
Ifnar1_KO_LPS_2h_S75_rsem,1630453,47.71
Ifnar1_KO_LPS_2h_S76_rsem,1602238,59.57
Ifnar1_KO_LPS_2h_S77_rsem,1925433,44.6
Ifnar1_KO_LPS_2h_S79_rsem,1688519,43.99
Ifnar1_KO_LPS_2h_S80_rsem,1402766,46.25
Ifnar1_KO_LPS_2h_S81_rsem,1366724,39.12
Ifnar1_KO_LPS_2h_S84_rsem,1462276,54.05
Ifnar1_KO_LPS_2h_S85_rsem,2007326,38.51
Ifnar1_KO_LPS_2h_S86_rsem,2026739,57.57
Ifnar1_KO_LPS_2h_S89_rsem,2262360,61.05
Ifnar1_KO_LPS_2h_S8_rsem,2504918,59.02
Ifnar1_KO_LPS_2h_S90_rsem,2103295,50.12
Ifnar1_KO_LPS_2h_S94_rsem,1036589,40.29
Ifnar1_KO_LPS_2h_S95_rsem,1918291,43.24
Ifnar1_KO_LPS_2h_S9_rsem,1324251,43.09
LPS_4h_Technical_Replicate_1_S10_rsem,1645119,57.42
LPS_4h_Technical_Replicate_1_S11_rsem,1822846,54.48
LPS_4h_Technical_Replicate_1_S12_rsem,2107530,51.78
LPS_4h_Technical_Replicate_1_S14_rsem,1947389,55.17
LPS_4h_Technical_Replicate_1_S15_rsem,1612075,51.79
LPS_4h_Technical_Replicate_1_S16_rsem,2003293,50.33
LPS_4h_Technical_Replicate_1_S19_rsem,1986187,62.27
LPS_4h_Technical_Replicate_1_S1_rsem,1803275,54.66
LPS_4h_Technical_Replicate_1_S20_rsem,2032708,57.95
LPS_4h_Technical_Replicate_1_S21_rsem,1445538,53.09
LPS_4h_Technical_Replicate_1_S22_rsem,2077925,50.57
LPS_4h_Technical_Replicate_1_S23_rsem,2100997,53.3
LPS_4h_Technical_Replicate_1_S24_rsem,2131275,56.87
LPS_4h_Technical_Replicate_1_S26_rsem,1964033,58.95
LPS_4h_Technical_Replicate_1_S28_rsem,1843343,58.8
LPS_4h_Technical_Replicate_1_S29_rsem,1807413,58.62
LPS_4h_Technical_Replicate_1_S2_rsem,1758787,57.2
LPS_4h_Technical_Replicate_1_S30_rsem,2191700,60.44
LPS_4h_Technical_Replicate_1_S31_rsem,1312035,48.76
LPS_4h_Technical_Replicate_1_S32_rsem,1699977,57.24
LPS_4h_Technical_Replicate_1_S33_rsem,1741464,55.18
LPS_4h_Technical_Replicate_1_S34_rsem,1496588,60.78
LPS_4h_Technical_Replicate_1_S35_rsem,1648743,58.58
LPS_4h_Technical_Replicate_1_S37_rsem,1878313,50.12
LPS_4h_Technical_Replicate_1_S38_rsem,2380813,50.71
LPS_4h_Technical_Replicate_1_S39_rsem,2158333,57.44
LPS_4h_Technical_Replicate_1_S3_rsem,1626674,58.03
LPS_4h_Technical_Replicate_1_S40_rsem,2223349,57.71
LPS_4h_Technical_Replicate_1_S41_rsem,2000836,53.19
LPS_4h_Technical_Replicate_1_S42_rsem,1714260,59.17
LPS_4h_Technical_Replicate_1_S44_rsem,2144655,58.31
LPS_4h_Technical_Replicate_1_S45_rsem,1504711,54.52
LPS_4h_Technical_Replicate_1_S46_rsem,1718294,56.24
LPS_4h_Technical_Replicate_1_S47_rsem,1922736,57.85
LPS_4h_Technical_Replicate_1_S48_rsem,1637947,60.16
LPS_4h_Technical_Replicate_1_S49_rsem,2118942,53.12
LPS_4h_Technical_Replicate_1_S4_rsem,1799772,55.16
LPS_4h_Technical_Replicate_1_S50_rsem,1806270,62.16
LPS_4h_Technical_Replicate_1_S51_rsem,1964936,60.6
LPS_4h_Technical_Replicate_1_S52_rsem,2306571,53.77
LPS_4h_Technical_Replicate_1_S53_rsem,2477268,59.25
LPS_4h_Technical_Replicate_1_S54_rsem,1509815,59
LPS_4h_Technical_Replicate_1_S55_rsem,1602336,56.06
LPS_4h_Technical_Replicate_1_S56_rsem,1173020,56.26
LPS_4h_Technical_Replicate_1_S57_rsem,1464407,57.26
LPS_4h_Technical_Replicate_1_S58_rsem,1546862,52.54
LPS_4h_Technical_Replicate_1_S59_rsem,1740675,58.95
LPS_4h_Technical_Replicate_1_S5_rsem,1381355,57.54
LPS_4h_Technical_Replicate_1_S60_rsem,1631830,60.88
LPS_4h_Technical_Replicate_1_S61_rsem,2069643,57.98
LPS_4h_Technical_Replicate_1_S62_rsem,1572419,57.81
LPS_4h_Technical_Replicate_1_S63_rsem,2268427,56.74
LPS_4h_Technical_Replicate_1_S64_rsem,1748653,54.76
LPS_4h_Technical_Replicate_1_S65_rsem,2333502,50.34
LPS_4h_Technical_Replicate_1_S67_rsem,1655579,59.22
LPS_4h_Technical_Replicate_1_S69_rsem,2425352,57.9
LPS_4h_Technical_Replicate_1_S6_rsem,1749300,56.84
LPS_4h_Technical_Replicate_1_S70_rsem,1698570,55.51
LPS_4h_Technical_Replicate_1_S71_rsem,1397680,54.26
LPS_4h_Technical_Replicate_1_S72_rsem,1946863,60.32
LPS_4h_Technical_Replicate_1_S73_rsem,1702436,58.64
LPS_4h_Technical_Replicate_1_S74_rsem,1275005,57.32
LPS_4h_Technical_Replicate_1_S75_rsem,1424075,51.63
LPS_4h_Technical_Replicate_1_S76_rsem,1405810,59.88
LPS_4h_Technical_Replicate_1_S79_rsem,1323758,60.13
LPS_4h_Technical_Replicate_1_S7_rsem,2147173,54.84
LPS_4h_Technical_Replicate_1_S80_rsem,1344338,55.77
LPS_4h_Technical_Replicate_1_S81_rsem,1676589,53.2
LPS_4h_Technical_Replicate_1_S84_rsem,1311656,59.72
LPS_4h_Technical_Replicate_1_S86_rsem,2114265,60.42
LPS_4h_Technical_Replicate_1_S87_rsem,1560882,61.01
LPS_4h_Technical_Replicate_1_S88_rsem,1294792,52.01
LPS_4h_Technical_Replicate_1_S89_rsem,1498652,55.11
LPS_4h_Technical_Replicate_1_S8_rsem,1909777,54.15
LPS_4h_Technical_Replicate_1_S90_rsem,2345970,65.03
LPS_4h_Technical_Replicate_1_S91_rsem,2470885,50.11
LPS_4h_Technical_Replicate_1_S92_rsem,1303883,48.07
LPS_4h_Technical_Replicate_1_S93_rsem,1386718,57.61
LPS_4h_Technical_Replicate_1_S94_rsem,1891418,52.26
LPS_4h_Technical_Replicate_1_S96_rsem,2083432,54.86
LPS_4h_Technical_Replicate_1_S9_rsem,1708911,51.2
LPS_4h_Technical_Replicate_2_S11_rsem,2820498,57.92
LPS_4h_Technical_Replicate_2_S12_rsem,2692095,54.17
LPS_4h_Technical_Replicate_2_S14_rsem,2574076,59.21
LPS_4h_Technical_Replicate_2_S15_rsem,2419701,61.46
LPS_4h_Technical_Replicate_2_S16_rsem,2701055,61.05
LPS_4h_Technical_Replicate_2_S17_rsem,2441507,53.95
LPS_4h_Technical_Replicate_2_S19_rsem,1792499,48.25
LPS_4h_Technical_Replicate_2_S20_rsem,2609881,63.56
LPS_4h_Technical_Replicate_2_S22_rsem,2124992,50.49
LPS_4h_Technical_Replicate_2_S23_rsem,2618681,57.88
LPS_4h_Technical_Replicate_2_S26_rsem,2186789,52.88
LPS_4h_Technical_Replicate_2_S27_rsem,2482572,62.37
LPS_4h_Technical_Replicate_2_S28_rsem,2309810,55.14
LPS_4h_Technical_Replicate_2_S2_rsem,2003795,55.7
LPS_4h_Technical_Replicate_2_S30_rsem,1844508,55.18
LPS_4h_Technical_Replicate_2_S31_rsem,1446552,58.03
LPS_4h_Technical_Replicate_2_S32_rsem,2132757,55.92
LPS_4h_Technical_Replicate_2_S33_rsem,2003319,51.56
LPS_4h_Technical_Replicate_2_S35_rsem,2162203,60.78
LPS_4h_Technical_Replicate_2_S37_rsem,1863629,59.66
LPS_4h_Technical_Replicate_2_S38_rsem,1919624,58.13
LPS_4h_Technical_Replicate_2_S41_rsem,2396324,57.28
LPS_4h_Technical_Replicate_2_S44_rsem,1684866,55.81
LPS_4h_Technical_Replicate_2_S45_rsem,1957917,59.17
LPS_4h_Technical_Replicate_2_S46_rsem,1748577,56.06
LPS_4h_Technical_Replicate_2_S48_rsem,1735737,54.45
LPS_4h_Technical_Replicate_2_S49_rsem,1836389,41.75
LPS_4h_Technical_Replicate_2_S4_rsem,2019355,62.37
LPS_4h_Technical_Replicate_2_S50_rsem,1153245,50.52
LPS_4h_Technical_Replicate_2_S52_rsem,2095315,55.91
LPS_4h_Technical_Replicate_2_S54_rsem,1698585,53.55
LPS_4h_Technical_Replicate_2_S55_rsem,2041303,60.6
LPS_4h_Technical_Replicate_2_S58_rsem,1683382,49.92
LPS_4h_Technical_Replicate_2_S60_rsem,1838985,60.89
LPS_4h_Technical_Replicate_2_S61_rsem,2198488,56.88
LPS_4h_Technical_Replicate_2_S62_rsem,1994523,61.91
LPS_4h_Technical_Replicate_2_S63_rsem,1886684,58.81
LPS_4h_Technical_Replicate_2_S65_rsem,2184254,53.38
LPS_4h_Technical_Replicate_2_S68_rsem,1810685,57.57
LPS_4h_Technical_Replicate_2_S69_rsem,2530194,55.52
LPS_4h_Technical_Replicate_2_S71_rsem,2143788,59.5
LPS_4h_Technical_Replicate_2_S72_rsem,2581938,48.46
LPS_4h_Technical_Replicate_2_S74_rsem,1583818,52.18
LPS_4h_Technical_Replicate_2_S75_rsem,2372581,54.74
LPS_4h_Technical_Replicate_2_S78_rsem,2510883,58.63
LPS_4h_Technical_Replicate_2_S79_rsem,2233374,59.99
LPS_4h_Technical_Replicate_2_S81_rsem,2737476,59.66
LPS_4h_Technical_Replicate_2_S82_rsem,2749634,62.53
LPS_4h_Technical_Replicate_2_S83_rsem,2832128,55.09
LPS_4h_Technical_Replicate_2_S86_rsem,2320161,62.58
LPS_4h_Technical_Replicate_2_S89_rsem,2607136,56.36
LPS_4h_Technical_Replicate_2_S8_rsem,2771666,62.46
LPS_4h_Technical_Replicate_2_S92_rsem,2694974,62.4
LPS_4h_Technical_Replicate_2_S93_rsem,2290387,58.11
LPS_4h_Technical_Replicate_2_S94_rsem,2472397,52.51
LPS_4h_Technical_Replicate_2_S9_rsem,1975240,54.58
LPS_2h_Technical_Replicate_1_S10_rsem,1602755,37.43
LPS_2h_Technical_Replicate_1_S11_rsem,2269568,45.08
LPS_2h_Technical_Replicate_1_S16_rsem,3464264,58.68
LPS_2h_Technical_Replicate_1_S19_rsem,1939398,44.66
LPS_2h_Technical_Replicate_1_S20_rsem,2548594,41.27
LPS_2h_Technical_Replicate_1_S23_rsem,3546420,51.71
LPS_2h_Technical_Replicate_1_S26_rsem,2747741,43.94
LPS_2h_Technical_Replicate_1_S28_rsem,4434497,55.33
LPS_2h_Technical_Replicate_1_S31_rsem,3628873,45.64
LPS_2h_Technical_Replicate_1_S32_rsem,2144077,33.64
LPS_2h_Technical_Replicate_1_S34_rsem,3834719,39.32
LPS_2h_Technical_Replicate_1_S41_rsem,2651836,49.61
LPS_2h_Technical_Replicate_1_S42_rsem,2786748,62.34
LPS_2h_Technical_Replicate_1_S43_rsem,1783604,45.71
LPS_2h_Technical_Replicate_1_S45_rsem,2254746,52.14
LPS_2h_Technical_Replicate_1_S46_rsem,2524063,44.23
LPS_2h_Technical_Replicate_1_S47_rsem,2958550,56.18
LPS_2h_Technical_Replicate_1_S49_rsem,1872682,37.44
LPS_2h_Technical_Replicate_1_S4_rsem,2045015,37.36
LPS_2h_Technical_Replicate_1_S51_rsem,3180074,44.17
LPS_2h_Technical_Replicate_1_S52_rsem,2972494,51.39
LPS_2h_Technical_Replicate_1_S53_rsem,1934182,51.45
LPS_2h_Technical_Replicate_1_S54_rsem,2014469,43.92
LPS_2h_Technical_Replicate_1_S55_rsem,1834864,44.62
LPS_2h_Technical_Replicate_1_S57_rsem,2715281,60.32
LPS_2h_Technical_Replicate_1_S5_rsem,3271512,44.52
LPS_2h_Technical_Replicate_1_S60_rsem,2659906,43.5
LPS_2h_Technical_Replicate_1_S61_rsem,2802162,44.71
LPS_2h_Technical_Replicate_1_S63_rsem,2262827,39.54
LPS_2h_Technical_Replicate_1_S65_rsem,3273314,36.98
LPS_2h_Technical_Replicate_1_S66_rsem,2703963,45.63
LPS_2h_Technical_Replicate_1_S67_rsem,1444723,41.52
LPS_2h_Technical_Replicate_1_S68_rsem,1711688,44.25
LPS_2h_Technical_Replicate_1_S69_rsem,1476645,44.74
LPS_2h_Technical_Replicate_1_S6_rsem,3304887,62.95
LPS_2h_Technical_Replicate_1_S70_rsem,2541582,34.03
LPS_2h_Technical_Replicate_1_S72_rsem,4633240,50.44
LPS_2h_Technical_Replicate_1_S74_rsem,2572411,48.84
LPS_2h_Technical_Replicate_1_S76_rsem,2827304,44.98
LPS_2h_Technical_Replicate_1_S77_rsem,1623986,37.45
LPS_2h_Technical_Replicate_1_S79_rsem,2695560,47.25
LPS_2h_Technical_Replicate_1_S7_rsem,2408303,61.3
LPS_2h_Technical_Replicate_1_S80_rsem,2537732,45.09
LPS_2h_Technical_Replicate_1_S82_rsem,2658902,41.37
LPS_2h_Technical_Replicate_1_S86_rsem,4151470,48.47
LPS_2h_Technical_Replicate_1_S87_rsem,3357316,38.9
LPS_2h_Technical_Replicate_1_S90_rsem,3088587,43.47
LPS_2h_Technical_Replicate_1_S92_rsem,2692255,46.01
LPS_2h_Technical_Replicate_1_S93_rsem,2448883,45.47
LPS_2h_Technical_Replicate_1_S94_rsem,2959715,61.28
LPS_2h_Technical_Replicate_1_S95_rsem,3594100,46.06
LPS_2h_Technical_Replicate_1_S9_rsem,2146673,40.98
LPS_2h_Technical_Replicate_2_S11_rsem,1914122,44.4
LPS_2h_Technical_Replicate_2_S12_rsem,1960944,41.97
LPS_2h_Technical_Replicate_2_S14_rsem,2321092,51.17
LPS_2h_Technical_Replicate_2_S15_rsem,2571267,44.55
LPS_2h_Technical_Replicate_2_S16_rsem,1435929,56.18
LPS_2h_Technical_Replicate_2_S17_rsem,1431735,60.35
LPS_2h_Technical_Replicate_2_S18_rsem,2099461,52.12
LPS_2h_Technical_Replicate_2_S1_rsem,1189487,50.88
LPS_2h_Technical_Replicate_2_S20_rsem,2404379,38.36
LPS_2h_Technical_Replicate_2_S21_rsem,1816766,42.2
LPS_2h_Technical_Replicate_2_S22_rsem,2318837,52.12
LPS_2h_Technical_Replicate_2_S23_rsem,1500112,41.68
LPS_2h_Technical_Replicate_2_S24_rsem,1526956,56.98
LPS_2h_Technical_Replicate_2_S25_rsem,3418090,46.86
LPS_2h_Technical_Replicate_2_S26_rsem,3009052,45.55
LPS_2h_Technical_Replicate_2_S27_rsem,1924610,53.58
LPS_2h_Technical_Replicate_2_S29_rsem,1984890,44.25
LPS_2h_Technical_Replicate_2_S2_rsem,1676243,54.47
LPS_2h_Technical_Replicate_2_S30_rsem,2498912,57.05
LPS_2h_Technical_Replicate_2_S31_rsem,2975769,65
LPS_2h_Technical_Replicate_2_S32_rsem,3725974,50.85
LPS_2h_Technical_Replicate_2_S33_rsem,3277009,50.51
LPS_2h_Technical_Replicate_2_S36_rsem,2980997,46.98
LPS_2h_Technical_Replicate_2_S37_rsem,1292037,45.44
LPS_2h_Technical_Replicate_2_S38_rsem,2579665,42.45
LPS_2h_Technical_Replicate_2_S3_rsem,2142563,38.19
LPS_2h_Technical_Replicate_2_S41_rsem,2179536,53.16
LPS_2h_Technical_Replicate_2_S43_rsem,2082667,52.45
LPS_2h_Technical_Replicate_2_S44_rsem,3451655,46.12
LPS_2h_Technical_Replicate_2_S45_rsem,2755508,45.54
LPS_2h_Technical_Replicate_2_S46_rsem,2055406,45.97
LPS_2h_Technical_Replicate_2_S47_rsem,2733778,46.85
LPS_2h_Technical_Replicate_2_S49_rsem,3912403,44.83
LPS_2h_Technical_Replicate_2_S50_rsem,2320567,53.26
LPS_2h_Technical_Replicate_2_S51_rsem,1657030,49.3
LPS_2h_Technical_Replicate_2_S53_rsem,2002664,44.53
LPS_2h_Technical_Replicate_2_S54_rsem,2615750,58.42
LPS_2h_Technical_Replicate_2_S55_rsem,2375518,43.29
LPS_2h_Technical_Replicate_2_S56_rsem,1817805,54.01
LPS_2h_Technical_Replicate_2_S57_rsem,2007215,52.1
LPS_2h_Technical_Replicate_2_S58_rsem,1985453,51.95
LPS_2h_Technical_Replicate_2_S59_rsem,2179894,45.97
LPS_2h_Technical_Replicate_2_S5_rsem,1455399,47.46
LPS_2h_Technical_Replicate_2_S61_rsem,1785761,48.58
LPS_2h_Technical_Replicate_2_S63_rsem,1429985,48.1
LPS_2h_Technical_Replicate_2_S64_rsem,2179291,56.87
LPS_2h_Technical_Replicate_2_S67_rsem,2156194,50.53
LPS_2h_Technical_Replicate_2_S68_rsem,3861767,58.78
LPS_2h_Technical_Replicate_2_S69_rsem,3529258,52.76
LPS_2h_Technical_Replicate_2_S6_rsem,1793256,48.89
LPS_2h_Technical_Replicate_2_S70_rsem,2558790,51.44
LPS_2h_Technical_Replicate_2_S71_rsem,2999467,60.57
LPS_2h_Technical_Replicate_2_S72_rsem,2359623,51.6
LPS_2h_Technical_Replicate_2_S74_rsem,3525980,58.7
LPS_2h_Technical_Replicate_2_S75_rsem,2879895,48.33
LPS_2h_Technical_Replicate_2_S77_rsem,4295225,41.47
LPS_2h_Technical_Replicate_2_S79_rsem,2709153,59.19
LPS_2h_Technical_Replicate_2_S7_rsem,3118205,41.48
LPS_2h_Technical_Replicate_2_S81_rsem,1943127,46.14
LPS_2h_Technical_Replicate_2_S82_rsem,2343571,44.19
LPS_2h_Technical_Replicate_2_S83_rsem,2789914,57.74
LPS_2h_Technical_Replicate_2_S84_rsem,2771574,49.76
LPS_2h_Technical_Replicate_2_S85_rsem,2104496,47.11
LPS_2h_Technical_Replicate_2_S86_rsem,1358156,49.51
LPS_2h_Technical_Replicate_2_S87_rsem,2139989,44.68
LPS_2h_Technical_Replicate_2_S8_rsem,2872682,63.53
LPS_2h_Technical_Replicate_2_S90_rsem,2518457,48.15
LPS_2h_Technical_Replicate_2_S91_rsem,1232253,47.85
LPS_2h_Technical_Replicate_2_S92_rsem,2473422,52.71
LPS_2h_Technical_Replicate_2_S94_rsem,1655078,40.03
LPS_2h_Technical_Replicate_2_S95_rsem,2191892,49.87
LPS_2h_Technical_Replicate_2_S96_rsem,3108967,45.94
LPS_4h_Tenth_S13_rsem,2428495,36.07
LPS_4h_Tenth_S14_rsem,1668749,38.16
LPS_4h_Tenth_S17_rsem,2699068,53.84
LPS_4h_Tenth_S19_rsem,3350626,51.65
LPS_4h_Tenth_S20_rsem,2020130,42.9
LPS_4h_Tenth_S22_rsem,2497327,46.79
LPS_4h_Tenth_S23_rsem,1694094,54.81
LPS_4h_Tenth_S24_rsem,1264035,48.18
LPS_4h_Tenth_S25_rsem,3666165,40.95
LPS_4h_Tenth_S26_rsem,2679321,42.86
LPS_4h_Tenth_S27_rsem,3236356,46.68
LPS_4h_Tenth_S28_rsem,2315379,41.44
LPS_4h_Tenth_S29_rsem,2470623,50.54
LPS_4h_Tenth_S2_rsem,3011956,62.69
LPS_4h_Tenth_S32_rsem,3405651,50.93
LPS_4h_Tenth_S33_rsem,1769861,46.17
LPS_4h_Tenth_S34_rsem,1811355,46.45
LPS_4h_Tenth_S35_rsem,2186576,53.62
LPS_4h_Tenth_S38_rsem,1808961,44.68
LPS_4h_Tenth_S3_rsem,3768744,47.04
LPS_4h_Tenth_S42_rsem,1918462,48.55
LPS_4h_Tenth_S43_rsem,2750880,49.16
LPS_4h_Tenth_S50_rsem,3061995,47.17
LPS_4h_Tenth_S52_rsem,3124287,51.65
LPS_4h_Tenth_S54_rsem,3559822,62.61
LPS_4h_Tenth_S55_rsem,2776036,31.96
LPS_4h_Tenth_S57_rsem,2957718,47.53
LPS_4h_Tenth_S58_rsem,2809705,47.95
LPS_4h_Tenth_S61_rsem,2590519,50.98
LPS_4h_Tenth_S63_rsem,3636140,49.57
LPS_4h_Tenth_S64_rsem,3301285,47.66
LPS_4h_Tenth_S65_rsem,3361182,51.5
LPS_4h_Tenth_S66_rsem,2796201,42.38
LPS_4h_Tenth_S68_rsem,2285587,51.54
LPS_4h_Tenth_S69_rsem,2472614,32.6
LPS_4h_Tenth_S6_rsem,2895006,50.47
LPS_4h_Tenth_S70_rsem,1522574,23.35
LPS_4h_Tenth_S71_rsem,3983158,52.26
LPS_4h_Tenth_S73_rsem,2018626,52.19
LPS_4h_Tenth_S74_rsem,2928122,49.93
LPS_4h_Tenth_S75_rsem,3802142,43.17
LPS_4h_Tenth_S77_rsem,3453559,54.13
LPS_4h_Tenth_S79_rsem,2239199,48.33
LPS_4h_Tenth_S7_rsem,3364000,42.03
LPS_4h_Tenth_S80_rsem,2463805,49.12
LPS_4h_Tenth_S81_rsem,2273054,49.98
LPS_4h_Tenth_S85_rsem,4269831,49.23
LPS_4h_Tenth_S89_rsem,1363962,43.95
LPS_4h_Tenth_S8_rsem,4279243,40.63
Tube_Control_Unstimulated,38266640,65.82
Tube_Control_LPS_1h,46910876,64.34
Tube_Control_LPS_2h,48579881,61.11
Tube_Control_LPS_4h,67846263,59.66
Tube_Control_LPS_6h,66711506,61.27
Tube_Control_PAM_1h,17565035,82.49
Tube_Control_PAM_2h,17506237,81.88
Tube_Control_PAM_4h,17708765,81.46
Tube_Control_PAM_6h,16368163,82.91
Tube_Control_PIC_1h,12229677,73.9
Tube_Control_PIC_2h,22232302,79.84
Tube_Control_PIC_4h,16371408,79.4
Tube_Control_PIC_6h,19703576,82.35
